{
  "rows": 636336,
  "label_counts": {
    "normal": 464271,
    "offensive": 170337,
    "profanity": 1728
  },
  "files_processed_counts": {
    "D1": 1200,
    "D10": 4000,
    "D11": 7383,
    "D12": 1523,
    "D13": 1523,
    "D14": 1523,
    "D15": 26000,
    "D16": 12376,
    "D18": 25220,
    "D19": 1100,
    "D2": 1799,
    "D20": 11824,
    "D21": 9196,
    "D22": 5850,
    "D23": 145,
    "D24": 1003,
    "D26": 1170,
    "D27": 567,
    "D28": 4676,
    "D29": 5569,
    "D3": 4999,
    "D30": 23033,
    "D31": 6460,
    "D32": 1100,
    "D33": 3134,
    "D4": 9999,
    "D5": 34895,
    "D6": 14150,
    "D7": 100922,
    "D8": 302766,
    "D9": 11231
  }
}