term,pmi_score
لعنه,Profanity
عهر,Profanity
نجس,Profanity
قرد,Profanity
خنزير,Profanity
بز,Profanity
كلب,Profanity
قذر,Profanity
استغرب,Profanity
صليبيه,Profanity
عميل,Profanity
لعن,Profanity
مجوس,Profanity
انتقم,Profanity
زبر,Profanity
ارهاب,Profanity
عاشر,Offensive
خائن,Offensive
حمار,Offensive
كاظم,Offensive
وسخ,Offensive
بتويتر,Offensive
تشارلز,Offensive
قذاره,Offensive
سيطره,Offensive
ساهر,Offensive
خبيث,Offensive
معمم,Offensive
انجس,Offensive
ماهو,Offensive
خميني,Offensive
سلط,Offensive
تناقض,Offensive
سبت,Offensive
محراب,Offensive
حقد,Offensive
فضح,Offensive
حفيد,Offensive
ترامب,Offensive
دمار,Offensive
حثاله,Offensive
اوربي,Offensive
نفاق,Offensive
وكيل,Offensive
غبي,Offensive
عدوان,Offensive
تاق,Offensive
اباحي,Offensive
اخطر,Offensive
ارهب,Offensive
صهيوني,Offensive
شعبي,Offensive
طبع,Offensive
رافضي,Offensive
اللات,Offensive
جهل,Offensive
الحوثي,Offensive
خان,Offensive
بهر,Offensive
قم,Offensive
لحم,Offensive
جريمه,Offensive
احس,Offensive
زلزل,Offensive
حشد,Offensive
تدمير,Offensive
الحوثيون,Offensive
اباد,Offensive
كفر,Offensive
افتي,Offensive
طهر,Offensive
الذي,Offensive
اذل,Offensive
مواجه,Offensive
رافضه,Offensive
مكر,Offensive
هتلر,Offensive
تحريض,Offensive
ملل,Offensive
بدين,Offensive
نص,Offensive
الاتارب,Offensive
داعش,Offensive
جزيه,Offensive
حاقد,Offensive
وهابي,Offensive
ليبرالي,Offensive
صنعاء,Offensive
رغم,Offensive
صفق,Offensive
حيوان,Offensive
فاجر,Offensive
كفار,Offensive
عاقل,Offensive
غباء,Offensive
شيطان,Offensive
كافر,Offensive
خوارج,Offensive
نفسي,Offensive
قضاء,Offensive
ذل,Offensive
هدد,Offensive
عار,Offensive
بول,Offensive
سب,Offensive
سقط,Offensive
كذب,Offensive
عداوه,Offensive
حاول,Offensive
صوفي,Offensive
سعود,Offensive
محتل,Offensive
تحريم,Offensive
بريء,Offensive
السيسي,Offensive
غض,Offensive
ميناء,Offensive
ارهابي,Offensive
شرك,Offensive
روسي,Offensive
حارب,Offensive
طعن,Offensive
حرام,Offensive
قرب,Offensive
عيال,Offensive
خيانه,Offensive
تدين,Offensive
مجزره,Offensive
علماني,Offensive
قتل,Offensive
ظهور,Offensive
حصار,Offensive
عبودي,Offensive
مبين,Offensive
مستحيل,Offensive
حول,Offensive
علوي,Offensive
انتقام,Offensive
حجم,Offensive
كاد,Offensive
حضاره,Offensive
قد,Offensive
انتمي,Offensive
وثني,Offensive
الكراني,Offensive
اقصي,Offensive
باع,Offensive
خطيب,Offensive
حرس,Offensive
هالك,Offensive
دخول,Offensive
محرم,Offensive
ضد,Offensive
مليون,Offensive
دينا,Offensive
اجبر,Offensive
شرع,Offensive
خمر,Offensive
اعلن,Offensive
مجوسي,Offensive
شكل,Offensive
غضب,Offensive
غرب,Offensive
علمانيه,Offensive
شوف,Offensive
دمر,Offensive
باطل,Offensive
شعار,Offensive
تخيل,Offensive
تحالف,Offensive
حليف,Offensive
زعم,Offensive
عقاب,Offensive
عائش,Offensive
ايش,Offensive
الدواعش,Offensive
افسد,Offensive
تفكير,Offensive
حري,Offensive
تشويه,Offensive
غربي,Offensive
طبيعه,Offensive
اهان,Offensive
عزيزي,Offensive
مشارك,Offensive
قذف,Offensive
ملحد,Offensive
يهودي,Offensive
اجاب,Offensive
مجرم,Offensive
نظام,Offensive
شعب,Offensive
قصف,Offensive
شرف,Offensive
اتهم,Offensive
بطل,Offensive
الي,Offensive
بطرك,Offensive
صار,Offensive
ابي,Offensive
تطور,Offensive
نبح,Offensive
مقابل,Offensive
كذاب,Offensive
عيب,Offensive
هاجم,Offensive
مؤيد,Offensive
احرج,Offensive
عقلي,Offensive
هرب,Offensive
جاسم,Offensive
بني,Offensive
نهايه,Offensive
قاتل,Offensive
شيء,Offensive
مشكله,Offensive
غد,Offensive
اخاف,Offensive
صدفه,Offensive
معاويه,Offensive
هدف,Offensive
خطر,Offensive
مصيبه,Offensive
شيوعي,Offensive
تخلف,Offensive
حقيقه,Offensive
طائفي,Offensive
كره,Offensive
هلال,Offensive
سلاح,Offensive
لي,Offensive
قتال,Offensive
تنظيم,Offensive
عامل,Offensive
بلا,Offensive
حلال,Offensive
كاذب,Offensive
تبني,Offensive
استضاف,Offensive
قياد,Offensive
متطرف,Offensive
بشار,Offensive
سبب,Offensive
امريكا,Offensive
اسرائيلي,Offensive
مد,Offensive
تدخل,Offensive
حرب,Offensive
واقع,Offensive
قروب,Offensive
اشرك,Offensive
اثار,Offensive
صراح,Offensive
طول,Offensive
سخيف,Offensive
زايد,Offensive
احتل,Offensive
مقتل,Offensive
علق,Offensive
اوان,Offensive
عسكري,Offensive
قادر,Offensive
ثقافه,Offensive
متهم,Offensive
مجاهد,Offensive
تويتر,Offensive
دليل,Offensive
جنس,Offensive
اخرج,Offensive
اكبر,Offensive
نادي,Offensive
احتلال,Offensive
صغير,Offensive
ضال,Offensive
واضح,Offensive
طرد,Offensive
فساد,Offensive
قريب,Offensive
حساب,Offensive
طلع,Offensive
عدو,Offensive
اشد,Offensive
جن,Offensive
حكم,Offensive
حريه,Offensive
اوسط,Offensive
دعم,Offensive
مسجد,Offensive
اسرائيل,Offensive
فلسطين,Offensive
تعاون,Offensive
خادم,Offensive
نسب,Offensive
تم,Offensive
توقع,Offensive
ابرياء,Offensive
تاكد,Offensive
عجز,Offensive
كيد,Offensive
خلاص,Offensive
اعتراف,Offensive
مقطع,Offensive
قليل,Offensive
اخت,Offensive
خرافه,Offensive
غزالي,Offensive
نقي,Offensive
قبع,Offensive
مثقف,Offensive
ازهر,Offensive
عجيبه,Offensive
سبام,Offensive
حوز,Offensive
لن,Offensive
شريف,Offensive
جيش,Offensive
قائم,Offensive
اوربا,Offensive
اماره,Offensive
شك,Offensive
انكر,Offensive
حذر,Offensive
ابتغي,Offensive
مصلحه,Offensive
شتي,Offensive
دم,Offensive
اذن,Offensive
سجن,Offensive
هما,Offensive
مرتزق,Offensive
عقلاني,Offensive
مكه,Offensive
هدم,Offensive
هوي,Offensive
بدع,Offensive
حل,Offensive
نار,Offensive
دفع,Offensive
حقيق,Offensive
قل,Offensive
اصدار,Offensive
حكيم,Offensive
عاصمه,Offensive
سلمان,Offensive
استخدام,Offensive
عارف,Offensive
سماوي,Offensive
خذل,Offensive
ذال,Offensive
الصفويين,Offensive
صليب,Offensive
نصراني,Offensive
مصر,Offensive
فرس,Offensive
خرج,Offensive
شارك,Offensive
سوق,Offensive
جلد,Offensive
تطرف,Offensive
حماس,Offensive
ظن,Offensive
سالم,Offensive
سيد,Offensive
شام,Offensive
صدق,Offensive
افتتاح,Offensive
امير,Offensive
غوطه,Offensive
اطلع,Offensive
مات,Offensive
مقاومه,Offensive
كيف,Offensive
متعه,Offensive
عكس,Offensive
قاعد,Offensive
داعي,Offensive
عقل,Offensive
غزه,Offensive
اوقف,Offensive
صانع,Offensive
تحدي,Offensive
خوف,Offensive
ار,Offensive
تطهير,Offensive
كبري,Offensive
ذبح,Offensive
بث,Offensive
ولاء,Offensive
انتشار,Offensive
دائم,Offensive
سوي,Offensive
شرق,Offensive
يمن,Offensive
وش,Offensive
ان,Offensive
خاف,Offensive
صح,Offensive
شيعه,Offensive
فلسطيني,Offensive
اسير,Offensive
ساعد,Offensive
طهران,Offensive
عيد,Offensive
اكل,Offensive
جري,Offensive
افريقيا,Offensive
اعتقل,Offensive
اكد,Offensive
خاسر,Offensive
هزه,Offensive
جاء,Offensive
ايران,Offensive
خدم,Offensive
خلف,Offensive
عادي,Offensive
صوره,Offensive
حرم,Offensive
يمني,Offensive
دجال,Offensive
مر,Offensive
ضعيف,Offensive
قادم,Offensive
تحدث,Offensive
حجر,Offensive
اعلان,Offensive
صدام,Offensive
كردي,Offensive
تبع,Offensive
حزب,Offensive
منع,Offensive
منافق,Offensive
خبر,Offensive
عرب,Offensive
محمود,Offensive
كنيس,Offensive
معتدل,Offensive
بعض,Offensive
انتشر,Offensive
جنوب,Offensive
متحد,Offensive
مشهد,Offensive
مفتي,Offensive
وليد,Offensive
اراد,Offensive
اي,Offensive
مع,Offensive
فرد,Offensive
اعتدال,Offensive
نصير,Offensive
ناصر,Offensive
ذراع,Offensive
فئه,Offensive
انتصار,Offensive
بغض,Offensive
مش,Offensive
جاهل,Offensive
رياض,Offensive
فتوي,Offensive
طائف,Offensive
قطع,Offensive
اعلم,Offensive
اتبع,Offensive
نشر,Offensive
هجر,Offensive
نزل,Offensive
راوند,Offensive
تهجير,Offensive
حيوحشنا,Offensive
احب,Offensive
زاد,Offensive
عشق,Offensive
مراه,Offensive
قسيس,Offensive
خسر,Offensive
اعلام,Offensive
مهدي,Offensive
غني,Offensive
عائله,Offensive
عقليه,Offensive
تخلي,Offensive
سخر,Offensive
تقبل,Offensive
قياده,Offensive
عجيب,Offensive
مخلوق,Offensive
ممنوع,Offensive
نسي,Offensive
اكثر,Offensive
غريب,Offensive
بد,Offensive
قدم,Offensive
زعيم,Offensive
وصل,Offensive
اجتمع,Offensive
اظهر,Offensive
مصير,Offensive
ليش,Offensive
شديد,Offensive
معقل,Offensive
نفذ,Offensive
دافع,Offensive
فائده,Offensive
نصف,Offensive
تميم,Offensive
وحي,Offensive
وراء,Offensive
ادخل,Offensive
شمل,Offensive
شبهه,Offensive
طائفه,Offensive
تحول,Offensive
اطلق,Offensive
علاونه,Offensive
فاسد,Offensive
تعليق,Offensive
خليفه,Offensive
ضحك,Offensive
يمين,Offensive
لون,Offensive
شعور,Offensive
تصدي,Offensive
سوري,Offensive
حال,Offensive
دوله,Offensive
نساء,Offensive
راس,Offensive
انتظر,Offensive
زلزال,Offensive
سعودي,Offensive
الحاد,Offensive
مكان,Offensive
مصري,Offensive
بحث,Offensive
خروج,Offensive
قتيل,Offensive
لذيذ,Offensive
قطر,Offensive
ارضيه,Offensive
طفل,Offensive
شغل,Offensive
اح,Offensive
بعيد,Offensive
سؤال,Offensive
اطرد,Offensive
حسين,Offensive
مشي,Offensive
ساكن,Offensive
شريعه,Offensive
اصبهان,Offensive
محد,Offensive
معابد,Offensive
ابناء,Offensive
تمني,Offensive
سعي,Offensive
ارض,Offensive
سماح,Offensive
داخل,Offensive
لازم,Offensive
عراقي,Offensive
مثل,Offensive
جزيره,Offensive
قوم,Offensive
امن,Offensive
وطن,Offensive
خليج,Offensive
صحابه,Offensive
وجه,Offensive
هم,Offensive
طيلسان,Offensive
وجب,Offensive
وقت,Offensive
ايراني,Offensive
نعم,Offensive
وجود,Offensive
بقي,Offensive
رضي,Offensive
اقسم,Offensive
حشر,Offensive
طاهر,Offensive
قدس,Offensive
في,Offensive
مهم,Offensive
معي,Offensive
عراق,Offensive
فقير,Offensive
تطبيع,Offensive
عصر,Offensive
معبد,Offensive
احرق,Offensive
عاوز,Offensive
ماذا,Offensive
فرض,Offensive
سبق,Offensive
بارك,Offensive
كراهيه,Offensive
استطاع,Offensive
بكي,Offensive
ود,Offensive
لبي,Offensive
احترم,Offensive
انسانيه,Offensive
عم,Offensive
ها,Offensive
اتباع,Offensive
حاخام,Offensive
زد,Offensive
نقد,Offensive
وقع,Offensive
ثلاث,Offensive
اخجل,Offensive
عماد,Offensive
سحر,Offensive
صنع,Offensive
عقد,Offensive
بقر,Offensive
زمن,Offensive
كربلاء,Offensive
خليجي,Offensive
تغيير,Offensive
دفاع,Offensive
عباده,Offensive
اتفق,Offensive
بريطانيا,Offensive
مصلح,Offensive
بدوي,Offensive
نوع,Offensive
زار,Offensive
فارسي,Offensive
ظاهر,Offensive
ارسل,Offensive
غائب,Offensive
ادم,Offensive
شرط,Offensive
جل,Offensive
تشيع,Offensive
نقاش,Offensive
نووي,Offensive
اشاعه,Offensive
بلد,Offensive
هل,Offensive
نصر,Offensive
ب,Offensive
بحرين,Offensive
امريكي,Offensive
قائد,Offensive
باقي,Offensive
رفض,Offensive
ليس,Offensive
ظالم,Offensive
سمي,Offensive
حصل,Offensive
زال,Offensive
واحد,Offensive
قام,Offensive
وري,Offensive
عربي,Offensive
اسد,Offensive
توحيد,Offensive
مشكل,Offensive
somelink,Offensive
احترام,Offensive
دري,Offensive
موجود,Offensive
عمل,Offensive
عالم,Offensive
عباد,Offensive
قسم,Offensive
تكفير,Offensive
رمز,Offensive
اخر,Offensive
حكومه,Offensive
حسب,Offensive
ثوره,Offensive
قبل,Offensive
لم,Offensive
اعتبر,Offensive
وسط,Offensive
شيعي,Offensive
بعد,Offensive
سلطان,Offensive
خصوص,Offensive
اندلس,Offensive
عرف,Offensive
سبحان,Offensive
وزير,Offensive
طيب,Offensive
لا,Offensive
اصل,Offensive
اتخذ,Offensive
جمهور,Offensive
خاص,Offensive
مدينه,Offensive
تركي,Offensive
رصيد,Offensive
سهل,Offensive
زواج,Offensive
اراي,Offensive
عبيد,Offensive
شتم,Offensive
حرص,Offensive
دون,Offensive
حاكم,Offensive
هيئه,Offensive
الف,Offensive
عيش,Offensive
عهد,Offensive
اخ,Offensive
زوجه,Offensive
بدل,Offensive
مرحله,Offensive
حلق,Offensive
خارج,Offensive
مختلف,Offensive
اقليه,Offensive
صفح,Offensive
عاده,Offensive
روح,Offensive
صاحب,Offensive
شاهد,Offensive
ال,Offensive
جد,Offensive
حقيقي,Offensive
دولي,Offensive
عز,Offensive
تاجر,Offensive
اعجب,Offensive
مستانس,Offensive
عون,Offensive
بسيط,Offensive
نحر,Offensive
نزع,Offensive
اهلك,Offensive
جو,Offensive
استغل,Offensive
اعتناق,Offensive
شاعر,Offensive
منكر,Offensive
حسد,Offensive
حجاب,Offensive
اختار,Offensive
طرح,Offensive
الهي,Offensive
طوبي,Offensive
طالب,Offensive
فكر,Offensive
مشروع,Offensive
عين,Offensive
بل,Offensive
دخل,Offensive
اجل,Offensive
اصاب,Offensive
قانون,Offensive
الحمدلله,Offensive
سبيل,Offensive
تاريخ,Offensive
هز,Offensive
قديم,Offensive
محبه,Offensive
زلزله,Offensive
شهر,Offensive
اغلب,Offensive
غزو,Offensive
فجر,Offensive
كاتب,Offensive
بينما,Offensive
شاه,Offensive
تعامل,Offensive
جزائر,Offensive
لقب,Offensive
تعالي,Offensive
دين,Offensive
نفس,Offensive
كاس,Offensive
ضرب,Offensive
نصرانيه,Offensive
عاد,Offensive
بوذي,Offensive
نحن,Normal
اعمل,Normal
تامل,Normal
حرف,Normal
فكري,Normal
طبيعي,Normal
خط,Normal
روسيا,Normal
جامع,Normal
قاعده,Normal
مو,Normal
تكلم,Normal
شخص,Normal
اهدي,Normal
سلفي,Normal
يد,Normal
ترك,Normal
ام,Normal
وعي,Normal
افضل,Normal
رجع,Normal
قنا,Normal
جواب,Normal
كويتي,Normal
تحرير,Normal
تحقيق,Normal
خالد,Normal
قاد,Normal
فتح,Normal
عرض,Normal
انا,Normal
قوه,Normal
فرق,Normal
قص,Normal
ارضي,Normal
عيسي,Normal
سياسي,Normal
الا,Normal
كل,Normal
اسلامي,Normal
اشرف,Normal
فاضي,Normal
سار,Normal
عبده,Normal
طبق,Normal
تغريد,Normal
شاب,Normal
اثر,Normal
اخذ,Normal
لدي,Normal
هنا,Normal
بال,Normal
شان,Normal
سمح,Normal
ثبت,Normal
وضع,Normal
ولي,Normal
سوريا,Normal
سمع,Normal
فتنه,Normal
كنيسه,Normal
بق,Normal
محب,Normal
هويه,Normal
لكن,Normal
ثاني,Normal
دار,Normal
حين,Normal
ابد,Normal
اردوغان,Normal
شعر,Normal
فجع,Normal
يارسول,Normal
متسامح,Normal
طقس,Normal
جانب,Normal
شافعي,Normal
فشل,Normal
اعترف,Normal
صله,Normal
زيد,Normal
تجاوز,Normal
ضاق,Normal
علم,Normal
هذا,Normal
لماذا,Normal
فعل,Normal
ناس,Normal
وجد,Normal
يهوديه,Normal
شاء,Normal
يوم,Normal
لعب,Normal
نقل,Normal
فريق,Normal
زوج,Normal
تابع,Normal
حمل,Normal
مارس,Normal
احتاج,Normal
معصيه,Normal
حق,Normal
مسيح,Normal
كثر,Normal
اسف,Normal
عند,Normal
الله,Normal
بشر,Normal
اسم,Normal
عدم,Normal
تواجد,Normal
بناء,Normal
طب,Normal
قضيه,Normal
تسمع,Normal
عروبه,Normal
مجموع,Normal
تقوي,Normal
دمشق,Normal
مبتدع,Normal
بيت,Normal
ابو,Normal
ايه,Normal
قرن,Normal
اقوي,Normal
حج,Normal
لام,Normal
طريق,Normal
ايد,Normal
تعلم,Normal
تمام,Normal
نتيجه,Normal
مستقبل,Normal
مواطن,Normal
جمهوري,Normal
اختلاف,Normal
سلامه,Normal
تسامح,Normal
عدل,Normal
اكيد,Normal
اعز,Normal
فيديو,Normal
امل,Normal
حبيب,Normal
اخري,Normal
سم,Normal
جماع,Normal
انتهي,Normal
هدي,Normal
اقام,Normal
اعتقد,Normal
مقدس,Normal
ذنب,Normal
مجتمع,Normal
رجل,Normal
كم,Normal
تيميه,Normal
ما,Normal
ل,Normal
اعطي,Normal
امه,Normal
اتي,Normal
جار,Normal
نفوذ,Normal
تصرف,Normal
شمال,Normal
ودع,Normal
صف,Normal
نهار,Normal
اقرب,Normal
معظم,Normal
استقبل,Normal
عداء,Normal
درج,Normal
قضي,Normal
اختلف,Normal
اسال,Normal
اغار,Normal
ماء,Normal
شرب,Normal
ربط,Normal
مفكر,Normal
مصدر,Normal
خالف,Normal
رمي,Normal
خالق,Normal
شيخ,Normal
اخوه,Normal
رد,Normal
كلام,Normal
نظر,Normal
غير,Normal
عاش,Normal
قال,Normal
لبنان,Normal
لبناني,Normal
اقل,Normal
اسلام,Normal
مئه,Normal
جاز,Normal
الخ,Normal
ضحيه,Normal
وسيله,Normal
بنت,Normal
انسان,Normal
قلب,Normal
جامعه,Normal
خالص,Normal
قول,Normal
قناه,Normal
روايه,Normal
اثبت,Normal
بار,Normal
شخصيه,Normal
بحر,Normal
بكر,Normal
افتتاحخكنيسهخفيخقطرافتتاحكنيسهفيقطر,Normal
حدث,Normal
رفع,Normal
راي,Normal
كثير,Normal
يوسف,Normal
سعوديه,Normal
ظهر,Normal
مذهب,Normal
مل,Normal
رحيم,Normal
اول,Normal
سيء,Normal
هدوء,Normal
قريه,Normal
صاروخ,Normal
معرفه,Normal
عمان,Normal
شب,Normal
مدرسه,Normal
جهاد,Normal
دعوي,Normal
تعايش,Normal
صر,Normal
رجا,Normal
ذكري,Normal
تحشر,Normal
متابع,Normal
تعبير,Normal
حاجه,Normal
نظريه,Normal
بورما,Normal
معلوم,Normal
نسبه,Normal
نظم,Normal
قعر,Normal
عبر,Normal
دعا,Normal
بعث,Normal
فقيه,Normal
حد,Normal
عذاب,Normal
كان,Normal
ولد,Normal
حلو,Normal
ديانه,Normal
صحيح,Normal
امراه,Normal
مملكه,Normal
حر,Normal
ضغط,Normal
شبه,Normal
مدرس,Normal
بدعه,Normal
صراع,Normal
بدن,Normal
عامه,Normal
حنبلي,Normal
somenumber,Normal
من,Normal
رئيس,Normal
عنوان,Normal
باب,Normal
قيمه,Normal
منطقه,Normal
صالح,Normal
تذكر,Normal
لبس,Normal
مجلس,Normal
عوده,Normal
كشف,Normal
ذكر,Normal
كي,Normal
شهد,Normal
وعد,Normal
حظ,Normal
رسمي,Normal
ساعه,Normal
معتقد,Normal
فلسفه,Normal
سلف,Normal
اربع,Normal
تعليم,Normal
قدر,Normal
كبير,Normal
اهل,Normal
وحيد,Normal
اخير,Normal
كامل,Normal
سنه,Normal
اثنين,Normal
اهلي,Normal
اغنيه,Normal
مسيحيه,Normal
قيامه,Normal
اسمع,Normal
اتصال,Normal
ديني,Normal
شارع,Normal
اقتصاد,Normal
قران,Normal
متدين,Normal
نيه,Normal
تجربه,Normal
اعاد,Normal
مشرق,Normal
قبطي,Normal
رشفه,Normal
سلام,Normal
مؤسس,Normal
نبوي,Normal
سياسه,Normal
ملك,Normal
سقوط,Normal
علاق,Normal
انتقد,Normal
اعتنق,Normal
جريح,Normal
ادي,Normal
معركه,Normal
فرح,Normal
حسن,Normal
مسيحي,Normal
منطق,Normal
ربما,Normal
ولايه,Normal
هاي,Normal
عقيده,Normal
طلب,Normal
والي,Normal
زمان,Normal
ضعف,Normal
حفظ,Normal
وصف,Normal
قوي,Normal
فهم,Normal
بدا,Normal
بن,Normal
حمد,Normal
علي,Normal
لسان,Normal
منهج,Normal
حب,Normal
حياه,Normal
مال,Normal
someuser,Normal
سبع,Normal
راح,Normal
موسي,Normal
مدين,Normal
مبدا,Normal
عني,Normal
فرقه,Normal
حمي,Normal
سن,Normal
معلومه,Normal
سر,Normal
كاف,Normal
تركيا,Normal
علاقه,Normal
دور,Normal
مرء,Normal
كف,Normal
نجح,Normal
جندي,Normal
نافذه,Normal
مركز,Normal
ازمه,Normal
مكون,Normal
عدن,Normal
غرد,Normal
محافظ,Normal
رشف,Normal
مخالف,Normal
بطريرك,Normal
بين,Normal
دعوه,Normal
شكر,Normal
بخاري,Normal
وقف,Normal
ظلم,Normal
جميل,Normal
دكتور,Normal
حزن,Normal
مسلم,Normal
خلق,Normal
عاجل,Normal
انجيل,Normal
شر,Normal
موضوع,Normal
راعي,Normal
عزيز,Normal
رساله,Normal
جمع,Normal
لسن,Normal
فقه,Normal
عدد,Normal
نفع,Normal
قصد,Normal
ابن,Normal
صفه,Normal
ازداد,Normal
سابق,Normal
ماروني,Normal
مسكين,Normal
عظيم,Normal
جديد,Normal
احسن,Normal
كويت,Normal
ممارس,Normal
صوت,Normal
بر,Normal
باهل,Normal
اجنبي,Normal
حركه,Normal
احمر,Normal
عمرو,Normal
ترحيل,Normal
مشترك,Normal
اجره,Normal
حذف,Normal
لغه,Normal
قرار,Normal
موحد,Normal
روي,Normal
سهم,Normal
عام,Normal
اعظم,Normal
عبد,Normal
رسول,Normal
درس,Normal
خلاف,Normal
كون,Normal
صديق,Normal
امام,Normal
مظلوم,Normal
حافظ,Normal
وطني,Normal
طرف,Normal
جسد,Normal
كتاب,Normal
كفي,Normal
قرا,Normal
شهيد,Normal
رب,Normal
سوء,Normal
جنوبي,Normal
ايمان,Normal
ماضي,Normal
قصه,Normal
اشار,Normal
سلطه,Normal
موقف,Normal
دراسه,Normal
يسوع,Normal
احمد,Normal
رحمن,Normal
عالمي,Normal
شهاده,Normal
عقيد,Normal
كريم,Normal
موت,Normal
جعل,Normal
بصري,Normal
محمد,Normal
محضر,Normal
بلغ,Normal
طاعه,Normal
مائي,Normal
القي,Normal
محل,Normal
اتفاق,Normal
تلاقي,Normal
قدير,Normal
ثالث,Normal
اهم,Normal
علمي,Normal
اصلاح,Normal
منيع,Normal
اعتقاد,Normal
المانيا,Normal
عبدالله,Normal
ثبات,Normal
مره,Normal
ايا,Normal
تعدد,Normal
مدح,Normal
سديد,Normal
مؤمن,Normal
فضل,Normal
ادعي,Normal
معني,Normal
ثور,Normal
توراه,Normal
ازل,Normal
زياره,Normal
اعلامي,Normal
نصح,Normal
وحد,Normal
عن,Normal
سعاده,Normal
مرجع,Normal
مانع,Normal
الم,Normal
عفو,Normal
احد,Normal
ذات,Normal
ذهب,Normal
سعد,Normal
ليل,Normal
تقرير,Normal
مالك,Normal
مصطفي,Normal
استودع,Normal
قس,Normal
فصل,Normal
استغفر,Normal
علامه,Normal
عضو,Normal
خطاب,Normal
مقال,Normal
سماء,Normal
هدايه,Normal
معروف,Normal
سعيد,Normal
فارس,Normal
اقر,Normal
غالي,Normal
سني,Normal
دعاء,Normal
حريري,Normal
ذلك,Normal
جماعه,Normal
اجمل,Normal
موقع,Normal
سايس,Normal
كتب,Normal
تاب,Normal
احم,Normal
غادر,Normal
اسماعيلي,Normal
عمر,Normal
اعراب,Normal
ليله,Normal
اسلم,Normal
تيار,Normal
صفقه,Normal
حي,Normal
اله,Normal
اردن,Normal
معلم,Normal
بلاء,Normal
انس,Normal
عمي,Normal
المدخلي,Normal
جافي,Normal
مترف,Normal
فاصبروا,Normal
ازيار,Normal
امر,Normal
منزل,Normal
جنه,Normal
هندوسي,Normal
مشرك,Normal
حاج,Normal
نعيم,Normal
عبدالعزيز,Normal
تلقي,Normal
حديث,Normal
امين,Normal
خمس,Normal
استاذ,Normal
وفق,Normal
نصيب,Normal
حلم,Normal
امان,Normal
مطلق,Normal
راجع,Normal
نائب,Normal
مجال,Normal
رحم,Normal
كلمه,Normal
حوار,Normal
تاريخي,Normal
نبي,Normal
صلاه,Normal
مريم,Normal
جمال,Normal
صلاح,Normal
صلح,Normal
بيع,Normal
دنيا,Normal
اللهم,Normal
حمايه,Normal
قراني,Normal
عرش,Normal
اقليم,Normal
احفظ,Normal
مشاركه,Normal
زائر,Normal
دستور,Normal
قلق,Normal
اخطا,Normal
اصبح,Normal
جميع,Normal
استقاله,Normal
صادق,Normal
مبارك,Normal
بيان,Normal
وفاه,Normal
انزل,Normal
درزي,Normal
قومي,Normal
الباني,Normal
سائر,Normal
كربه,Normal
رجب,Normal
قبر,Normal
نور,Normal
خير,Normal
ربوه,Normal
اعلي,Normal
الراحمين,Normal
اسكندريه,Normal
الرابط,Normal
دره,Normal
اسماعيليه,Normal
مكتب,Normal
اسعد,Normal
اجر,Normal
صحه,Normal
واجب,Normal
نجران,Normal
صلي,Normal
اقنع,Normal
تراث,Normal
شريك,Normal
انجل,Normal
ارب,Normal
اب,Normal
يام,Normal
سال,Normal
تفسير,Normal
اغضب,Normal
بطون,Normal
برد,Normal
صبر,Normal
مخرج,Normal
محمدا,Normal
لعل,Normal
اكرم,Normal
يالخروف,Normal
تحميل,Normal
بائع,Normal
اجمع,Normal
ارق,Normal
طالما,Normal
شرح,Normal
عافي,Normal
سلم,Normal
شفي,Normal
سيده,Normal
فسيح,Normal
صل,Normal
فرج,Normal
ضياء,Normal
فسحه,Normal
سرور,Normal
رحمه,Normal
كلم,Normal
صرف,Normal
ستر,Normal
بركه,Normal
نعمه,Normal
صابر,Normal
ودي,Normal
مرض,Normal
اشفي,Normal
صدر,Normal
مغرب,Normal
اكرام,Normal
ضر,Normal
برنامج,Normal
تفرق,Normal
وسع,Normal
اصلح,Normal
صباح,Normal
مس,Normal
ادبر,Normal
فطر,Normal
اذكار,Normal
صائم,Normal
مازح,Normal
مئذنه,Normal
صفر,Normal
شافي,Normal
خطا,Normal
اعطنا,Normal
اللبنانين,Normal
اصبع,Normal
دهر,Normal
امي,Normal
اخره,Normal
مطمئن,Normal
مريض,Normal
تحيه,Normal
عطاء,Normal
ميت,Normal
رزق,Normal
لقاء,Normal
هرير,Normal
سقم,Normal
سائل,Normal
جلال,Normal
ضيق,Normal
والدي,Normal
راوي,Normal
امسي,Normal
غفر,Normal
والد,Normal
اسفر,Normal
حنبل,Normal
شتات,Normal
توكل,Normal
حنيف,Normal
لباس,Normal
اخلاص,Normal
ابراهيم,Normal
شفاء,Normal
عافيه,Normal
