﻿term,Chi2_score
يهودي,Profanity
ملحد,Offensive
لعن,Offensive
شيعه,Offensive
ارهاب,Offensive
قتل,Offensive
بتويتر,Offensive
كلب,Offensive
رافضه,Offensive
صهيوني,Offensive
مجوس,Offensive
ضد,Offensive
كفر,Offensive
نجس,Offensive
الحوثي,Offensive
نصراني,Offensive
ارهب,Offensive
كاظم,Offensive
ساهر,Offensive
كافر,Offensive
لعنه,Offensive
خائن,Offensive
قذر,Offensive
سقط,Offensive
عهر,Offensive
حشد,Offensive
جزيه,Offensive
لن,Offensive
حقد,Offensive
الحوثيون,Offensive
شيطان,Offensive
شعب,Offensive
صنعاء,Offensive
ارهابي,Offensive
وهابي,Offensive
ليبرالي,Offensive
شيء,Offensive
ايران,Offensive
عميل,Offensive
سعود,Offensive
سلط,Offensive
جهل,Offensive
سب,Offensive
كذب,Offensive
زلزل,Offensive
اجبر,Offensive
قرد,Offensive
خنزير,Offensive
حمار,Offensive
حكم,Offensive
داعش,Offensive
حارب,Offensive
مسجد,Offensive
نفاق,Offensive
وكيل,Offensive
غبي,Offensive
خميني,Offensive
افتتاح,Offensive
بز,Offensive
غرب,Offensive
انتقم,Offensive
عدو,Offensive
سبب,Offensive
تدمير,Offensive
سبت,Offensive
محراب,Offensive
تشارلز,Offensive
زبر,Offensive
حرب,Offensive
حفيد,Offensive
دمار,Offensive
اوربي,Offensive
خبيث,Offensive
معمم,Offensive
استغرب,Offensive
صليبيه,Offensive
جريمه,Offensive
بني,Offensive
حرام,Offensive
اخطر,Offensive
حاول,Offensive
طهر,Offensive
ماهو,Offensive
اسرائيل,Offensive
عاشر,Offensive
رياض,Offensive
شرك,Offensive
كنيس,Offensive
شعبي,Offensive
امريكا,Offensive
قضاء,Offensive
سعودي,Offensive
الحاد,Offensive
فضح,Offensive
وسخ,Offensive
باطل,Offensive
نظام,Offensive
عقلاني,Offensive
اباد,Offensive
طبع,Offensive
رافضي,Offensive
اللات,Offensive
عدوان,Offensive
تاق,Offensive
اباحي,Offensive
روسي,Offensive
ان,Offensive
حاقد,Offensive
قذاره,Offensive
سيطره,Offensive
تبع,Offensive
شوف,Offensive
دمر,Offensive
ظهور,Offensive
كره,Offensive
كيف,Offensive
تحالف,Offensive
احس,Offensive
حزب,Offensive
عرب,Offensive
علمانيه,Offensive
علماني,Offensive
اكبر,Offensive
لي,Offensive
صوفي,Offensive
اقصي,Offensive
غباء,Offensive
انجس,Offensive
تناقض,Offensive
طائفي,Offensive
حساب,Offensive
دعم,Offensive
فلسطين,Offensive
بدين,Offensive
نص,Offensive
الاتارب,Offensive
دليل,Offensive
بعض,Offensive
طعن,Offensive
خان,Offensive
بهر,Offensive
قم,Offensive
لحم,Offensive
خوارج,Offensive
نفسي,Offensive
يمن,Offensive
دفع,Offensive
اجاب,Offensive
حقيقه,Offensive
ترامب,Offensive
حثاله,Offensive
اوسط,Offensive
محتل,Offensive
السيسي,Offensive
صار,Offensive
عقل,Offensive
حيوان,Offensive
فاجر,Offensive
عائش,Offensive
غربي,Offensive
هدف,Offensive
حصار,Offensive
شريف,Offensive
عداوه,Offensive
افتي,Offensive
الذي,Offensive
اذل,Offensive
مواجه,Offensive
مكر,Offensive
هتلر,Offensive
تحريض,Offensive
ملل,Offensive
شرع,Offensive
خمر,Offensive
اعلن,Offensive
مجوسي,Offensive
شكل,Offensive
غضب,Offensive
دوله,Offensive
دم,Offensive
قاتل,Offensive
طبيعه,Offensive
خطر,Offensive
مجزره,Offensive
جيش,Offensive
مجرم,Offensive
زلزال,Offensive
ذل,Offensive
هدد,Offensive
عار,Offensive
بول,Offensive
هوي,Offensive
دينا,Offensive
مصر,Offensive
فساد,Offensive
مشكله,Offensive
حليف,Offensive
احب,Offensive
هلال,Offensive
سلاح,Offensive
قرب,Offensive
عيال,Offensive
خيانه,Offensive
تدين,Offensive
حرم,Offensive
اراد,Offensive
رغم,Offensive
صفق,Offensive
كفار,Offensive
عاقل,Offensive
قصف,Offensive
سلمان,Offensive
مليون,Offensive
صدق,Offensive
ارض,Offensive
هم,Offensive
حري,Offensive
عزيزي,Offensive
مشارك,Offensive
تحريم,Offensive
بريء,Offensive
غض,Offensive
ميناء,Offensive
حقيق,Offensive
صليب,Offensive
سيد,Offensive
شرف,Offensive
اتهم,Offensive
احتلال,Offensive
ضال,Offensive
اكثر,Offensive
حريه,Offensive
باع,Offensive
خطيب,Offensive
حرس,Offensive
هالك,Offensive
دخول,Offensive
محرم,Offensive
نهايه,Offensive
تم,Offensive
بدع,Offensive
شعار,Offensive
تخيل,Offensive
امير,Offensive
تويتر,Offensive
جنس,Offensive
اخرج,Offensive
جاء,Offensive
مع,Offensive
بطل,Offensive
الي,Offensive
بطرك,Offensive
عبودي,Offensive
مبين,Offensive
مستحيل,Offensive
حول,Offensive
علوي,Offensive
انتقام,Offensive
حجم,Offensive
كاد,Offensive
حضاره,Offensive
قد,Offensive
انتمي,Offensive
وثني,Offensive
الكراني,Offensive
نار,Offensive
قتال,Offensive
تنظيم,Offensive
بلا,Offensive
بشار,Offensive
طائفه,Offensive
سوي,Offensive
واقع,Offensive
فلسطيني,Offensive
هزه,Offensive
زعم,Offensive
عقاب,Offensive
ايش,Offensive
الدواعش,Offensive
افسد,Offensive
تشويه,Offensive
مش,Offensive
اشد,Offensive
جن,Offensive
مقطع,Offensive
قائم,Offensive
اوربا,Offensive
ابي,Offensive
تطور,Offensive
اذن,Offensive
سجن,Offensive
فرس,Offensive
خرج,Offensive
مصيبه,Offensive
شيوعي,Offensive
تخلف,Offensive
شرق,Offensive
صوره,Offensive
دجال,Offensive
مر,Offensive
اسرائيلي,Offensive
مد,Offensive
تدخل,Offensive
رضي,Offensive
طرد,Offensive
قريب,Offensive
طلع,Offensive
تفكير,Offensive
اهان,Offensive
قذف,Offensive
تعاون,Offensive
نسب,Offensive
قليل,Offensive
مكان,Offensive
حال,Offensive
حل,Offensive
نبح,Offensive
مقابل,Offensive
كذاب,Offensive
عيب,Offensive
هاجم,Offensive
مؤيد,Offensive
احرج,Offensive
عقلي,Offensive
هرب,Offensive
جاسم,Offensive
شام,Offensive
مات,Offensive
وش,Offensive
نشر,Offensive
فتوي,Offensive
عادي,Offensive
تحدث,Offensive
منع,Offensive
عامل,Offensive
حلال,Offensive
كاذب,Offensive
تبني,Offensive
قياد,Offensive
متطرف,Offensive
نادي,Offensive
صغير,Offensive
واضح,Offensive
امن,Offensive
ابرياء,Offensive
كيد,Offensive
اماره,Offensive
شك,Offensive
انكر,Offensive
حذر,Offensive
ابتغي,Offensive
مثل,Offensive
حماس,Offensive
ظن,Offensive
سالم,Offensive
عكس,Offensive
داعي,Offensive
ذبح,Offensive
دائم,Offensive
قدم,Offensive
وصل,Offensive
راوند,Offensive
اتبع,Offensive
جاهل,Offensive
قادم,Offensive
منافق,Offensive
خبر,Offensive
اي,Offensive
غد,Offensive
اخاف,Offensive
صدفه,Offensive
معاويه,Offensive
قروب,Offensive
اشرك,Offensive
اثار,Offensive
صراح,Offensive
طول,Offensive
سخيف,Offensive
زايد,Offensive
احتل,Offensive
مقتل,Offensive
علق,Offensive
اوان,Offensive
عسكري,Offensive
قادر,Offensive
ثقافه,Offensive
متهم,Offensive
مجاهد,Offensive
سؤال,Offensive
حسين,Offensive
خادم,Offensive
توقع,Offensive
تاكد,Offensive
عجز,Offensive
خلاص,Offensive
اعتراف,Offensive
اخت,Offensive
خرافه,Offensive
غزالي,Offensive
نقي,Offensive
مثقف,Offensive
ازهر,Offensive
عجيبه,Offensive
حوز,Offensive
طفل,Offensive
قطر,Offensive
مصلحه,Offensive
شتي,Offensive
هما,Offensive
مرتزق,Offensive
مكه,Offensive
هدم,Offensive
نساء,Offensive
وجه,Offensive
شارك,Offensive
سوق,Offensive
جلد,Offensive
تطرف,Offensive
وطن,Offensive
مقاومه,Offensive
قاعد,Offensive
تحدي,Offensive
خوف,Offensive
كبري,Offensive
نسي,Offensive
غريب,Offensive
خاف,Offensive
صح,Offensive
خدم,Offensive
خلف,Offensive
يمني,Offensive
كردي,Offensive
نصير,Offensive
محمود,Offensive
مفتي,Offensive
وليد,Offensive
بقي,Offensive
استضاف,Offensive
وجود,Offensive
ابناء,Offensive
نعم,Offensive
اصبهان,Offensive
ايراني,Offensive
ارضيه,Offensive
بحث,Offensive
راس,Offensive
انتظر,Offensive
قل,Offensive
اصدار,Offensive
حكيم,Offensive
عاصمه,Offensive
استخدام,Offensive
عارف,Offensive
سماوي,Offensive
خذل,Offensive
ذال,Offensive
الصفويين,Offensive
ضحك,Offensive
سوري,Offensive
تحول,Offensive
ليش,Offensive
دافع,Offensive
غوطه,Offensive
اطلع,Offensive
متعه,Offensive
غزه,Offensive
اوقف,Offensive
صانع,Offensive
ار,Offensive
تطهير,Offensive
بث,Offensive
ولاء,Offensive
انتشار,Offensive
بد,Offensive
زعيم,Offensive
اجتمع,Offensive
اظهر,Offensive
وقت,Offensive
هجر,Offensive
نزل,Offensive
حيوحشنا,Offensive
زاد,Offensive
مراه,Offensive
اعلام,Offensive
مهدي,Offensive
غني,Offensive
اسير,Offensive
ساعد,Offensive
طهران,Offensive
عيد,Offensive
اكل,Offensive
جري,Offensive
افريقيا,Offensive
اعتقل,Offensive
اكد,Offensive
خاسر,Offensive
طائف,Offensive
قطع,Offensive
اعلم,Offensive
ضعيف,Offensive
حجر,Offensive
اعلان,Offensive
صدام,Offensive
ناصر,Offensive
معتدل,Offensive
انتشر,Offensive
جنوب,Offensive
متحد,Offensive
مشهد,Offensive
وجب,Offensive
طيلسان,Offensive
خليج,Offensive
صحابه,Offensive
قوم,Offensive
جزيره,Offensive
لازم,Offensive
عراقي,Offensive
سماح,Offensive
داخل,Offensive
تمني,Offensive
سعي,Offensive
محد,Offensive
معابد,Offensive
شغل,Offensive
اح,Offensive
بعيد,Offensive
اطرد,Offensive
مشي,Offensive
ساكن,Offensive
شريعه,Offensive
قبع,Offensive
سبام,Offensive
مصري,Offensive
خروج,Offensive
قتيل,Offensive
لذيذ,Offensive
اطلق,Offensive
علاونه,Offensive
فاسد,Offensive
تعليق,Offensive
خليفه,Offensive
يمين,Offensive
لون,Offensive
شعور,Offensive
تصدي,Offensive
مصير,Offensive
شديد,Offensive
معقل,Offensive
نفذ,Offensive
فائده,Offensive
نصف,Offensive
تميم,Offensive
وحي,Offensive
وراء,Offensive
ادخل,Offensive
شمل,Offensive
شبهه,Offensive
تهجير,Offensive
عشق,Offensive
قسيس,Offensive
خسر,Offensive
عائله,Offensive
عقليه,Offensive
تخلي,Offensive
سخر,Offensive
تقبل,Offensive
قياده,Offensive
عجيب,Offensive
مخلوق,Offensive
ممنوع,Offensive
فرد,Offensive
اعتدال,Offensive
ذراع,Offensive
فئه,Offensive
انتصار,Offensive
بغض,Offensive
بوذي,Normal
اعمل,Normal
تامل,Normal
حرف,Normal
فكري,Normal
طبيعي,Normal
خط,Normal
روسيا,Normal
قاعده,Normal
نحن,Normal
جامع,Normal
عاد,Normal
نصرانيه,Normal
محبه,Normal
غزو,Normal
شاه,Normal
جزائر,Normal
لقب,Normal
كاس,Normal
ضرب,Normal
مو,Normal
تكلم,Normal
اهدي,Normal
سلفي,Normal
قديم,Normal
شهر,Normal
فجر,Normal
كاتب,Normal
بينما,Normal
تعامل,Normal
زلزله,Normal
اغلب,Normal
شخص,Normal
نفس,Normal
تعالي,Normal
ترك,Normal
وعي,Normal
قنا,Normal
جواب,Normal
كويتي,Normal
تحرير,Normal
تحقيق,Normal
خالد,Normal
هز,Normal
يد,Normal
قاد,Normal
اجل,Normal
اصاب,Normal
قانون,Normal
الحمدلله,Normal
سبيل,Normal
تاجر,Normal
مستانس,Normal
بسيط,Normal
نحر,Normal
نزع,Normal
اهلك,Normal
جو,Normal
استغل,Normal
اعتناق,Normal
شاعر,Normal
منكر,Normal
حسد,Normal
حجاب,Normal
اختار,Normal
طرح,Normal
الهي,Normal
طوبي,Normal
رجع,Normal
تاريخ,Normal
افضل,Normal
دين,Normal
مشروع,Normal
حقيقي,Normal
دولي,Normal
عز,Normal
اعجب,Normal
اشرف,Normal
فاضي,Normal
سار,Normal
عبده,Normal
طبق,Normal
تغريد,Normal
شاب,Normal
فرق,Normal
قص,Normal
عيسي,Normal
الا,Normal
انا,Normal
متسامح,Normal
عيش,Normal
زوجه,Normal
مرحله,Normal
حلق,Normal
خارج,Normal
مختلف,Normal
اقليه,Normal
صفح,Normal
عرض,Normal
دخل,Normal
عين,Normal
عون,Normal
عاده,Normal
بل,Normal
طالب,Normal
ام,Normal
لدي,Normal
بال,Normal
شان,Normal
سمح,Normal
ثبت,Normal
ارضي,Normal
سياسي,Normal
روح,Normal
اتخذ,Normal
جمهور,Normal
تركي,Normal
رصيد,Normal
زواج,Normal
اراي,Normal
عبيد,Normal
شتم,Normal
حرص,Normal
فكر,Normal
هويه,Normal
اردوغان,Normal
فجع,Normal
يارسول,Normal
جانب,Normal
شافعي,Normal
فشل,Normal
اعترف,Normal
صله,Normal
زيد,Normal
تجاوز,Normal
ضاق,Normal
عهد,Normal
بدل,Normal
شاهد,Normal
فتح,Normal
جد,Normal
اثر,Normal
قوه,Normal
وسط,Normal
سلطان,Normal
خصوص,Normal
اندلس,Normal
هيئه,Normal
محب,Normal
ثاني,Normal
طقس,Normal
هنا,Normal
مدينه,Normal
سهل,Normal
ثوره,Normal
صاحب,Normal
تواجد,Normal
طب,Normal
تسمع,Normal
عروبه,Normal
تقوي,Normal
دمشق,Normal
مبتدع,Normal
بق,Normal
شعر,Normal
اخذ,Normal
وزير,Normal
طيب,Normal
دون,Normal
قسم,Normal
تكفير,Normal
رمز,Normal
لعب,Normal
نقل,Normal
فريق,Normal
زوج,Normal
مارس,Normal
احتاج,Normal
معصيه,Normal
ال,Normal
اخ,Normal
وضع,Normal
ولي,Normal
اخجل,Normal
عماد,Normal
اعتبر,Normal
بعد,Normal
حاكم,Normal
احترام,Normal
دري,Normal
موجود,Normal
الف,Normal
لكن,Normal
سمع,Normal
عاوز,Normal
لبي,Normal
اسد,Normal
مشكل,Normal
ابد,Normal
سبحان,Normal
خاص,Normal
فتنه,Normal
مفكر,Normal
لام,Normal
ايد,Normal
تعلم,Normal
تمام,Normal
نتيجه,Normal
مستقبل,Normal
جمهوري,Normal
اختلاف,Normal
سلامه,Normal
مجموع,Normal
حين,Normal
معي,Normal
ود,Normal
عم,Normal
سحر,Normal
خليجي,Normal
بريطانيا,Normal
غائب,Normal
نووي,Normal
اصل,Normal
حكومه,Normal
كثر,Normal
اسف,Normal
عند,Normal
حصل,Normal
زال,Normal
اقسم,Normal
معبد,Normal
احرق,Normal
بارك,Normal
نقد,Normal
تغيير,Normal
مصلح,Normal
ادم,Normal
اشاعه,Normal
عباد,Normal
يهوديه,Normal
شاء,Normal
تابع,Normal
حمل,Normal
هذا,Normal
اسلامي,Normal
سمي,Normal
تطبيع,Normal
فرض,Normal
كراهيه,Normal
بكي,Normal
ها,Normal
حاخام,Normal
صنع,Normal
عقد,Normal
زار,Normal
شرط,Normal
نقاش,Normal
تسامح,Normal
عدل,Normal
اكيد,Normal
اعز,Normal
امل,Normal
نفوذ,Normal
شمال,Normal
ودع,Normal
نهار,Normal
معظم,Normal
استقبل,Normal
عداء,Normal
اغار,Normal
ماء,Normal
ربط,Normal
خالف,Normal
رمي,Normal
قرن,Normal
اقوي,Normal
ظالم,Normal
قضيه,Normal
طاهر,Normal
عصر,Normal
سبق,Normal
زد,Normal
اتفق,Normal
ظاهر,Normal
جل,Normal
بشر,Normal
عدم,Normal
سوريا,Normal
امراه,Normal
باقي,Normal
رفض,Normal
دار,Normal
حشر,Normal
فقير,Normal
بقر,Normal
بدوي,Normal
نوع,Normal
قبل,Normal
توحيد,Normal
لماذا,Normal
سم,Normal
جماع,Normal
انتهي,Normal
جار,Normal
اقرب,Normal
درج,Normal
قضي,Normal
اختلف,Normal
شرب,Normal
ثلاث,Normal
عباده,Normal
ارسل,Normal
تشيع,Normal
مواطن,Normal
حسب,Normal
كنيسه,Normal
وري,Normal
ايه,Normal
بناء,Normal
سيء,Normal
هدوء,Normal
قريه,Normal
صاروخ,Normal
معرفه,Normal
عمان,Normal
مدرسه,Normal
جهاد,Normal
دعوي,Normal
صر,Normal
رجا,Normal
ذكري,Normal
تحشر,Normal
متابع,Normal
تعبير,Normal
حاجه,Normal
نظريه,Normal
بورما,Normal
معلوم,Normal
نظم,Normal
قعر,Normal
احترم,Normal
كربلاء,Normal
قائد,Normal
مهم,Normal
انسانيه,Normal
واحد,Normal
اقام,Normal
امريكي,Normal
تصرف,Normal
مصدر,Normal
خالق,Normal
حج,Normal
قدس,Normal
دفاع,Normal
فعل,Normal
جامعه,Normal
خالص,Normal
روايه,Normal
اثبت,Normal
بار,Normal
شخصيه,Normal
بحر,Normal
بكر,Normal
افتتاحخكنيسهخفيخقطرافتتاحكنيسهفيقطر,Normal
زمن,Normal
عرف,Normal
ب,Normal
بحرين,Normal
فارسي,Normal
اعتقد,Normal
مقدس,Normal
فيديو,Normal
حبيب,Normal
اخري,Normal
طريق,Normal
استطاع,Normal
وقع,Normal
مئه,Normal
جاز,Normal
الخ,Normal
وسيله,Normal
ابو,Normal
قام,Normal
ذنب,Normal
مجتمع,Normal
اسم,Normal
ضغط,Normal
مدرس,Normal
بدعه,Normal
صراع,Normal
بدن,Normal
حنبلي,Normal
عمل,Normal
اقل,Normal
اخر,Normal
بعث,Normal
فقيه,Normal
صف,Normal
اسال,Normal
اتباع,Normal
وجد,Normal
مسيح,Normal
رحيم,Normal
شب,Normal
تعايش,Normal
نسبه,Normal
كم,Normal
يوم,Normal
اثنين,Normal
اهلي,Normal
اغنيه,Normal
قيامه,Normal
اسمع,Normal
اتصال,Normal
اقتصاد,Normal
متدين,Normal
نيه,Normal
تجربه,Normal
اعاد,Normal
مشرق,Normal
قبطي,Normal
رشفه,Normal
نافذه,Normal
لم,Normal
يوسف,Normal
سعوديه,Normal
ظهر,Normal
بيت,Normal
هدي,Normal
تذكر,Normal
مجلس,Normal
اعطي,Normal
علم,Normal
ناس,Normal
كل,Normal
عامه,Normal
قناه,Normal
تيميه,Normal
ماذا,Normal
عذاب,Normal
ولد,Normal
حلو,Normal
مؤسس,Normal
نبوي,Normal
سياسه,Normal
سقوط,Normal
علاق,Normal
انتقد,Normal
اعتنق,Normal
جريح,Normal
ادي,Normal
معركه,Normal
ضحيه,Normal
عني,Normal
معلومه,Normal
مكون,Normal
عدن,Normal
محافظ,Normal
مخالف,Normal
شهد,Normal
وعد,Normal
حظ,Normal
رسمي,Normal
فلسفه,Normal
سلف,Normal
تعليم,Normal
اول,Normal
قيمه,Normal
عربي,Normal
حر,Normal
نصر,Normal
حدث,Normal
رفع,Normal
راي,Normal
اتي,Normal
عاش,Normal
منطق,Normal
ربما,Normal
ولايه,Normal
هاي,Normal
وحيد,Normal
اخير,Normal
كامل,Normal
مبدا,Normal
كاف,Normal
نجح,Normal
غرد,Normal
رشف,Normal
في,Normal
عوده,Normal
كشف,Normal
شيعي,Normal
رجل,Normal
عنوان,Normal
بنت,Normal
نظر,Normal
شبه,Normal
والي,Normal
ضعف,Normal
مسيحيه,Normal
حق,Normal
موسي,Normal
تركيا,Normal
مرء,Normal
جندي,Normal
مركز,Normal
ازمه,Normal
ساعه,Normal
معتقد,Normal
اربع,Normal
كلام,Normal
عالم,Normal
لبس,Normal
ممارس,Normal
باهل,Normal
اجنبي,Normal
حركه,Normal
احمر,Normal
عمرو,Normal
ترحيل,Normal
مشترك,Normal
اجره,Normal
حذف,Normal
لغه,Normal
موحد,Normal
روي,Normal
سهم,Normal
رد,Normal
وصف,Normal
قوي,Normal
امه,Normal
انسان,Normal
كي,Normal
ديانه,Normal
ازداد,Normal
مسكين,Normal
ليس,Normal
مملكه,Normal
فهم,Normal
علاقه,Normal
كف,Normal
فقه,Normal
عدد,Normal
نفع,Normal
قصد,Normal
المانيا,Normal
ثبات,Normal
تعدد,Normal
مدح,Normal
سديد,Normal
قول,Normal
باب,Normal
حد,Normal
فرح,Normal
شارع,Normal
صحيح,Normal
حمي,Normal
دور,Normal
قدر,Normal
لبناني,Normal
بلغ,Normal
مائي,Normal
محل,Normal
اتفاق,Normal
تلاقي,Normal
قدير,Normal
عبر,Normal
عزيز,Normal
كثير,Normal
رئيس,Normal
لسان,Normal
سر,Normal
ماضي,Normal
قصه,Normal
اشار,Normal
سلطه,Normal
دراسه,Normal
يسوع,Normal
غير,Normal
انجيل,Normal
منطقه,Normal
اخوه,Normal
مذهب,Normal
مظلوم,Normal
حافظ,Normal
جسد,Normal
مدين,Normal
عاجل,Normal
هل,Normal
قس,Normal
مقال,Normal
هدايه,Normal
طلب,Normal
زمان,Normal
درس,Normal
خلاف,Normal
راح,Normal
ثور,Normal
توراه,Normal
ازل,Normal
قلب,Normal
ظلم,Normal
جميل,Normal
دكتور,Normal
حزن,Normal
ذكر,Normal
لا,Normal
صوت,Normal
بر,Normal
منهج,Normal
اصلاح,Normal
منيع,Normal
اعتقاد,Normal
طاعه,Normal
القي,Normal
احسن,Normal
عراق,Normal
كبير,Normal
بلد,Normal
شيخ,Normal
رحمن,Normal
عالمي,Normal
شهاده,Normal
صفه,Normal
سابق,Normal
ماروني,Normal
ديني,Normal
اقليم,Normal
اخطا,Normal
اعراب,Normal
ليله,Normal
اسلم,Normal
صفقه,Normal
اردن,Normal
معلم,Normal
بلاء,Normal
انس,Normal
عمي,Normal
المدخلي,Normal
جافي,Normal
مترف,Normal
فاصبروا,Normal
ل,Normal
شكر,Normal
بخاري,Normal
تقرير,Normal
استودع,Normal
فصل,Normal
فارس,Normal
غالي,Normal
سوء,Normal
جنوبي,Normal
دعا,Normal
عقيده,Normal
بدا,Normal
زياره,Normal
اعلامي,Normal
نصح,Normal
وطني,Normal
طرف,Normal
لبنان,Normal
ايا,Normal
حمد,Normal
صالح,Normal
دعوه,Normal
كون,Normal
ثالث,Normal
علمي,Normal
لسن,Normal
قران,Normal
فرقه,Normal
عام,Normal
اعظم,Normal
استاذ,Normal
وفق,Normal
نصيب,Normal
حلم,Normal
مطلق,Normal
راجع,Normal
نائب,Normal
مجال,Normal
موقع,Normal
سايس,Normal
تاب,Normal
احم,Normal
غادر,Normal
اسماعيلي,Normal
بصري,Normal
مصطفي,Normal
موضوع,Normal
حب,Normal
سعاده,Normal
مرجع,Normal
مانع,Normal
موقف,Normal
قرا,Normal
شهيد,Normal
من,Normal
حياه,Normal
مل,Normal
حاج,Normal
نعيم,Normal
عبدالعزيز,Normal
تلقي,Normal
مشاركه,Normal
زائر,Normal
دستور,Normal
قلق,Normal
اجمل,Normal
حسن,Normal
اقنع,Normal
شريك,Normal
انجل,Normal
خطاب,Normal
سماء,Normal
معروف,Normal
سعيد,Normal
اقر,Normal
الم,Normal
عفو,Normal
ذات,Normal
محضر,Normal
ملك,Normal
مال,Normal
ادعي,Normal
معني,Normal
سبع,Normal
سلام,Normal
تاريخي,Normal
كفي,Normal
قومي,Normal
الباني,Normal
سائر,Normal
كربه,Normal
رجب,Normal
حفظ,Normal
رساله,Normal
جمع,Normal
مالك,Normal
عضو,Normal
برد,Normal
صبر,Normal
مخرج,Normal
محمدا,Normal
وقف,Normal
صديق,Normal
راعي,Normal
سن,Normal
كان,Normal
خمس,Normal
شر,Normal
تيار,Normal
ذلك,Normal
اعلي,Normal
الراحمين,Normal
اسكندريه,Normal
الرابط,Normal
دره,Normal
اسماعيليه,Normal
بطريرك,Normal
تحميل,Normal
بائع,Normal
طالما,Normal
قرار,Normal
فضل,Normal
عبدالله,Normal
مره,Normal
مريم,Normal
جمال,Normal
عقيد,Normal
كريم,Normal
اصلح,Normal
صادق,Normal
مبارك,Normal
بيان,Normal
وفاه,Normal
تراث,Normal
استغفر,Normal
علامه,Normal
خلق,Normal
اهم,Normal
وحد,Normal
عظيم,Normal
سيده,Normal
امان,Normal
هندوسي,Normal
تفسير,Normal
اغضب,Normal
صرف,Normal
بركه,Normal
نعمه,Normal
صابر,Normal
بين,Normal
ما,Normal
صلاح,Normal
صلح,Normal
جديد,Normal
مكتب,Normal
اسعد,Normal
اجر,Normal
لعل,Normal
اكرم,Normal
يالخروف,Normal
اذكار,Normal
صائم,Normal
مازح,Normal
مئذنه,Normal
صفر,Normal
شافي,Normal
خطا,Normal
اعطنا,Normal
اللبنانين,Normal
احمد,Normal
ايمان,Normal
احد,Normal
اصبع,Normal
امي,Normal
كويت,Normal
بيع,Normal
استقاله,Normal
بن,Normal
ذهب,Normal
عافي,Normal
حمايه,Normal
قراني,Normal
مطمئن,Normal
مغرب,Normal
اكرام,Normal
الله,Normal
صل,Normal
كتب,Normal
امام,Normal
تحيه,Normal
عطاء,Normal
ليل,Normal
عرش,Normal
حي,Normal
ستر,Normal
someuser,Normal
لقاء,Normal
سقم,Normal
برنامج,Normal
تفرق,Normal
كلمه,Normal
حوار,Normal
دعاء,Normal
عبد,Normal
سائل,Normal
جلال,Normal
قال,Normal
شرح,Normal
منزل,Normal
وسع,Normal
ربوه,Normal
ودي,Normal
علي,Normal
امين,Normal
والدي,Normal
ادبر,Normal
اشفي,Normal
somelink,Normal
امسي,Normal
فرج,Normal
درزي,Normal
عن,Normal
اسلام,Normal
سعد,Normal
مؤمن,Normal
ازيار,Normal
اسفر,Normal
حنبل,Normal
عمر,Normal
موت,Normal
واجب,Normal
اله,Normal
ابن,Normal
فسيح,Normal
بطون,Normal
اجمع,Normal
ارق,Normal
دهر,Normal
ضياء,Normal
فسحه,Normal
سرور,Normal
كتاب,Normal
شتات,Normal
توكل,Normal
اخره,Normal
انزل,Normal
مس,Normal
صحه,Normal
يام,Normal
somenumber,Normal
نجران,Normal
صلاه,Normal
رسول,Normal
رب,Normal
جعل,Normal
لباس,Normal
دنيا,Normal
حديث,Normal
ضر,Normal
نور,Normal
هرير,Normal
مشرك,Normal
جنه,Normal
رحمه,Normal
شفاء,Normal
حريري,Normal
شفي,Normal
ضيق,Normal
مرض,Normal
راوي,Normal
عافيه,Normal
صدر,Normal
احفظ,Normal
قبر,Normal
محمد,Normal
رزق,Normal
اهل,Normal
مسيحي,Normal
سنه,Normal
جماعه,Normal
امر,Normal
اصبح,Normal
ارب,Normal
اب,Normal
سال,Normal
ميت,Normal
كلم,Normal
نبي,Normal
والد,Normal
فطر,Normal
مريض,Normal
حنيف,Normal
صلي,Normal
خير,Normal
اخلاص,Normal
ابراهيم,Normal
صباح,Normal
غفر,Normal
سني,Normal
جميع,Normal
سلم,Normal
رحم,Normal
مسلم,Normal
اللهم,Normal
