tweet,sentiment
"Aw enn l ahla men hek hay li btelbesle crop top b noss din l sa23a w l talej w bte23ad tne2 ""Msa23aaa"" ""Ya alla ktir sa23aa"" N2ebre lbese. ",Negative
yu2brnee jamelo pepe :p tfeh shu beche3 bas li kanze por la decima ma7leto ,Negative
Lea ktir pedophile 😂 ,Negative
Shu hal hmar hayda ,Negative
Fasharet 3a ra2btak w ra2bit m3almak w ra2bit li khalafouk ,Negative
Hayda ensen marid ,Negative
my uncle is lowkey aawne w ktir aabele natfo ,Negative
Bassam bte7lam feyon lal syesye bel leil as a nightmare? :) ,Negative
@Ritarouhana helo ktir. Eza badkoun tejo kelkoun ouloula la nawal tjebelna van akbar :P. Ba3doun 3am bi rouho bel van li bi se3 nos wahad? ,Negative
Hayda ma biya3ref ye2ra w yektob w bedo waziren Wlooo kif la Ken iza Ken 3ando terminal ,Negative
Eh laeno l darak 3ana ktir awedim ,Negative
"Kiff kell wahad sar ynazel soura la day3to ma3 ""my village last night"" w henne bel 10 snin byotla3o marra.",Negative
@CharbelGhsoub mech hayda yale ken ykun fi mounesabet lal ouwet yrouh y3alle2 a3lem? sar bado y7allil,Negative
"@Cybele_reaidy bi kouno msh aryin shi mnel enjil gher verse wehde w bi hotoua ""favorite verse"" shou fahamik..",Negative
Boy : ana be7tirim ra2ey el mar2a w da2iman b7otto 2idem ra2ye Girl : habibe enta ktir mni7 Boy : skete wli ma 7adan talab ra2yik *slap her*,Negative
@OSalem96 Bro shu 3m tebke.. beirut ma3a esshel,Negative
awlkon byaarfo shou yaane حكومة تصريف أعمال? bshekk bl mawdou3. ,Negative
Wa2afna el dares wel gym lal thawra. Tlo3na noss7anin wel exam kal 7oukam is still standing strong in 1 week. Ekel Khara af. ,Negative
Ka eno ma hada ghayra bemasel helo 🤣 ,Negative
Chou mahdoumeh😒 ,Negative
@H7470 hehe hayda saba7 ...saba7 l 2araf ,Negative
fhemna eno elsy el achkar rebheta lal siyara walla ,Negative
@FansLeaMakhoul1 Anaaa W Ma Bcherikk Bi Wala Wahad Ba2aa:pChii Ktiirr Mez3ijj W Ma Elo 3azee..Chou Ela Me3na Ybayyin Senye L Esem Bl Trend?😂 ,Negative
Eza btekhde soura w mkhabeye wejjek bi telephonek w hada allek pretty 3am yedahak 3alayke... ,Negative
Ktir bteje mezeej enta😁.,Negative
7elwe l3aj2a ..... eh bass ktir hal2ad@@@,Negative
"@raedhassoun lech hek mfkrni bkrah l barouk ana ru7i m3l2a bl barouk bas bkrah nesa ""7awach"" 😊",Negative
@JessyBassil Lol so2al ktir tefeh😂,Negative
@vanessabyounes @adelkaram9 chou halll hadeyaaa li ha2oun 20 000 ll majaleh 5000 ll w cd 1000 ll w 3elbet barazi2 16 000ll la2 bas mkalaf,Negative
La walllaaaaaaaaaaaaa aktar shwayyyy ,Negative
"La2 tawele belakkk marwan tizeeeee min ken seme3 fikkk law ma a3melak l helwe😡😡😡😡😡😡😡 ",Negative
Enno baddak ba3d 10 snin tenye!!!!??? Latgibo lkahraba??? Ya chabih lbani admin l3alam kello 3am bi2oul 3endkon hader belkahraba. Fachart ya harami wya 🐇🐇🐇🐇🐇 ,Negative
Lyom da2it rfi2it 3mte w ma b3rfa w dalit thkine chi 1h w blchit 3rft habe t3mle nursing bs lyke ya joya balelik hal chghle fkre b3den eno bdk trabe wledk w ta3ab w fkre bchi ektisad w t2amne masare w ykun helo Bro ana b3rfk chi? Merci 3al nasi7a bs ma hdn talab r2yik w merci :) ,Negative
@Lak3ade: Mazel 7adertik be hal moustawa w hal ahammiyye.. Leh mch sem3in 3annik babe ? #MTVLEBANON #mtv #MTVLEBANON #mtv,Negative
Helo l hobb bess mch helo l habal ,Negative
W ela 3en tehke 😂 ,Negative
Kif bet oulo la hada btari2a mhazabe eno sar hake ktir la daraje tawashne ,Negative
Se3a 3 ma ba3refak...3anjad 3am tehkune fb chat ? ,Negative
Ba3ed fi sette ma 3emlet make up tutorial,Negative
Habbet kif bye2tlo. #law #law,Negative
@RayaneHakki ana nawre chou fike ta3mle :/,Negative
@eddy_hatem ya3meli chi effet ba3ed,Negative
W ba3den law chou ma ken ll arar tfaddalo khabbrouna min ba3ed rah yedrous men ba3d kell hal tshweshour @EliasBouSaab,Negative
Sar ma3e b Antoura,Negative
#haz_mafi hayda li ahlou me7tarin ydakhlou lau aw aub tab ma leeeeeeh ???? #haz_mafi,Negative
Benet jirana 3emra 16 lyom khetbeta lol . . . . Khayfeh t3anis ma fhemet chou sayir 3layoun lbanet,Negative
3anjad hayda esmo match football? 2 penalties misses? Eno walaww,Negative
Hek faj2a twitter bi arrir ma ya3mel tweet lal soura li beddeh nazzela shu haydaaa :( #ElissaEditorInChiefJamaloukiMag #ElissaEditorInChiefJamaloukiMag,Negative
4.15 - 7.20 Home sweet home.. #TrafficJam Bi 2oulo tjanabo lebnen lech fi a7la men lebnen? #TrafficJam,Negative
@TheBeardedPirlo ya 3ame eh w ktir helwe :p bass eno bi2ela b3atiyon taxi bt2ello hal2 beb3aton wtsp? Ymashoona ,Negative
"Ahla shi bass yed3ouna ""li dabt l nafs"" w ""tajannoub l fetna"". Merci ya3ne 3melto sheghelkoun ktir mnih ",Negative
“@NellyGeorgeHarb: L ta2es ktir mounesab ta nekol hawa” Mnekol nekat kamena aw la2 ? :p ,Negative
Mrab7eenek jmeele 3al $2000 yalle baddek tedfa3eehon lal course ,Negative
My sleeping schedule kezbe aktar men Marwan Habib ,Negative
Chu hal di3aye la beirut beer 3am fattich 3al refrain w 3a refrain y2echkun 2ach nchalla ,Negative
Bye3jebne Hayda yalle 7odir 50 Shades of Grey bass ma byo7dar Mia khalifa l2eno 7aram ,Negative
@HoussamMazraani shft ness btt3ab kaza sene la tsir doc w hayda la ann sham ri7it awal sene medecine sar doc !!!,Negative
The two goals ma keno goals so ma tombosto ktir❤️.,Negative
@marieroseosta @Change Yl3n shaklik S2ltik kif 😂 Gebran 3ndo nes sawatetlo just so you know 😜,Negative
@nrkhwnd Lek hole metl sahar ghadar ya alla bdon yemsho be trend l thawra bas ma bdon ykono dod l hizb,Negative
Wosleeeeeeeeeeet Tekno Seyeseye M2asame Sene She3e Mase7e Yaaane ka2ano ma sar thawra ,Negative
@salibareema sarit men hol lclass li ma behko ma3 nesss mich ktir famous,Negative
ma tezaalo bas hada ghayre mesh eder yesmaa sot ariana ba2a? besmaa sawta aktar men sot emme w emme ktir bet ne2 ,Negative
chou wade3 l ghanam be jbeil????? ,Negative
Helo ktir ,Negative
ma tezaalo bas hada ghayre mesh eder yesmaa sot ariana ba2a? besmaa sawta aktar men sot emme w emme ktir bet ne2 ,Negative
Bta3erfo chou ahla chi? Eno mom bs tou3a bteje bet sakkir beb l ouda w bta3moul hoover aw hayala chi ,Negative
Hayde awal erbeneee mish 3eress wala chi chill !!,Negative
Bukra nezle Beirut w Ahle 3am b hasesune I'm going to war ,Negative
Plz hada yeb2a yna2ila tyeba la @nadine njeim...mch masmou7 #MBCTheVoice #MBCTheVoice,Negative
@sami1jawad ma law btetfadal 3alyna w btehjouz w bteje b hal shaher bkoun shi ktir helo!! ,Negative
@kamilKfoury yeah yom ktir helo bukra :p ,Negative
Man2oushe jebne be 100000LL #HelloHyperinflation #HelloHyperinflation,Negative
eemlin hal2et influencers l thawra w ma aazamoune b sifate akbar nekatjiye bel thawra? aayb w shame ,Negative
Ktir helo ! Sar fi shooting Monday kamen ! #ilooklikeazombie #needtosleep #ilooklikeazombie #needtosleep,Negative
@justaline1 @lama00lamlam ana li bya3emlouleh unfollow bkoun hekeh ma3oun w bhebboun w henneh kamen bas duno chou bi serloun byofosmo,Negative
Ma bsaddi2 eno rehet 3a mc donalds w aloule ma ba2a 3endon akel;/,Negative
@FaridaZeinaty Faridaaa:( ente bta3rfe chou bene:/ haha:p ,Negative
Sociologic w physic w maths w helo hal sabah :) ,Negative
@TarekTamo eh ana chwei nezlet dame3te kamen ,Negative
Eno le wazir al 3amal mabya3mil metel wazir al tarbeye !!?? Badna n3atil na7na kamen :( #storm #beirut #storm #beirut,Negative
Tkheyalo se3ten w nos men beirut la sour ,Negative
sara5et ,Negative
Chou khass tozz bmarhaba? ,Negative
Hahaha U should See Me 😂 Ka2abetttttttt ,Negative
hayda eli byefhamo fi lal asaf! ,Negative
Ma assart ma mbayne aslan chou hiye ,Negative
@faditarabay88 @sarah09998 @LBFJPA @wef @Gebran_Bassil La abadan bas t7alafna ma3 hizb alla w fawatnahon bil7okomeh layser el General ra’ees... 3an jad ino sho el mshkleh?,Negative
Nahna aalam w hene aalam bro? ,Negative
bara lebnen ya kalb ento 5hayneen ,Negative
May 3ishuwa ktir madrid fans 2ino hine ze3lenin w maba3rf shu la2an fal di maria. bas utd fans elon ha2 la2an ronaldo is the worlds best,Negative
Deghre iza ken shi3e sar mentisib lal hezeb? Waw shu badkon fat khebez ba3ed..,Negative
@NoourNk chakhes bighaneh sawto helo elo fatra bighaneh w heik bass 3a chou bet2alho lness w ouw3a tehko 3anna w yay w yi ,Negative
La abdon not his job to steal people’s properties and make it his not even for the government. W ana sarah bebke bas emshe b shawere3 beirut. He completely changed the city’s identity and history. Hay ba3ed ma fetna b meliyit el dawle li nahaba. Alla yghane2lo. ,Negative
Ana fhmen wejhtet nazarak...bas into from your point of view ma fhmenen ino n7na ma mnosa2 la bel 7ariri wala ghayro jarabnehon ktir w kil mara feshlo kilon y3ni kilon...Meshklitna msh bas mshklet mataleb..mshkletna meshklet the2a w la7 ndal n7arebon w 3lyna w 3ala 23de2na... ,Negative
"#MTV ba3ed fi di3ayet ""ktir ktir ktir binaddif perlex"" ma 3edtouwa mit marra ..:) #MTVFailedAgain #MTV #MTVFailedAgain",Negative
@AliJMansour @HaifaWehbe trikou y3aweh la 7alo ana ma 7a 2ora chu 2al hayda lwateh ra7it 3lei ra7 ymout min ghirto mn naje7at haifa !,Negative
@wakanou_ Bass la ma3loumetik ma kenet 3am defi3 3al benet literally ma ba3refa bass kenet 3am 7awil wassilik fekrit enno el diaspora lezim ysedo ni3on iza 3andon shi y2oulo dod el thawra bass heik,Negative
Nshalla te7teri2 ,Negative
Chatrin tehko bl wirate bs ya sadi2e ra2is lhezeb bl kataeb byetsawat. Cheikh samy elo 25 sene bl kataeb w toli3 chwe chwe. Heyda hezeb t3azab ktir nhat bl freezer mnel 90 lal 2005 reji3 kamen nhat bl freezer la halla2. Eja jil jdid 3am yehke la masla7etna w ento jeyin t3etbo. ,Negative
@RayaneHakki chou nawarrr,Negative
@MishoRicha @NadimBayeh_ chou khas? ben iran w saudi iran is LESS WORTH tnaynetoun adrab men ba3ed w alla yeb3edoun 3anna. ,Negative
Mouto kelkon,Negative
@AliKaraki91 ta tchouf adde mech taye2on lal engliz chouf chou 7eke 3anon ba3ed el game,Negative
bro l o*wet baadon mfakrin l thawra elon😩😩😩ndabbo kelkon yaane kelkon,Negative
bro l o*wet baadon mfakrin l thawra elon😩😩😩ndabbo kelkon yaane kelkon,Negative
@joemaalouftv please am bsma3 men ktir nes eno khayfenin ma yenzalo a ashghalon ta ma ya3mloulon shi. specially l shariket wel eshya l teb3a la randa berre! ,Negative
Emme bedda tfajjer l bmw wel golf la2ano elman...khedelkon ba2a,Negative
"Beit wared sakar wa 7ayefta7o ma7alo turkish restaurant ""mehmet"" metl nusret so prepare yourself lal jala2an ba3d km shahr🙃🙃 ",Negative
Fi ktir wazawiz bel hamra ...,Negative
Halla2 toli3 bayye msaffar neswen 3al khalij?? lesh shou elo 3ale2a bel khalij? w ma zelik hal add bte7te2ri w ma bet 7ebbe nasso lesh kente tdallik mlazz2a bel maktab bi tyebik w manzarik el mou7taram natra yotla3lik 7ayalla dor? ste7e 3a dammik w 3a kabertik! ,Negative
@GODjr_beirut meen al eno aslan 3am dawer 3a hadan mn h! jenes adam?!,Negative
@ayafares @TheseDamnQuote chou b fahmik ente aslan. Ktir sa3be hay,Negative
Madroub Hayda ! Shaklo nese Ino eja Min rahem lady ! ,Negative
@AhmadSharara bas 7asse twitter 7ay2oum 3layye :p ktir majlou2in fiyun enno ma khalas kello a team..,Negative
Hayda twitter mich site porno habibe ok? Bs balke ma kente 3erfa eno kermelik ya3ne,Negative
@FadwaRifai 100%.. Ktir sayir fi falaten w kello 3l hayin w yalla shou ma ken !,Negative
@G_Rizkallah be charafak chou khass naffis,Negative
Bonjour 30 alef 95 w bala ma totala3 3a fkhade merci,Negative
@GaelleAbiC chou bet hebbe halik,Negative
Ktir zaha2 w ktir shob.,Negative
I really feel like crying...jeboule chafra la chatteb w hek,Negative
donald trump? donald duck b zyede aa raebtak w ktir kamen,Negative
@LamaGhaddar05 ma ktir tsad2e jaridet. Lakhbar,Negative
@MouhamadNahle lol ktir hek habal walaw,Negative
@marwan_fd @Khalilsaad7 Se3den temo ad mgharit Jeita w mankhouro mtl kwe3 arayya ,Negative
@AliJMansour @BoshraTweets mafi majel lal mu2araneh haydak dress bikel me3na lkelmeh hayda charchaf ma3 berdeye lezim tnedeh bayadat lal be3 ,Negative
KarlSarkis lezim yet3alam l2e7tiram w le3eb bi rou7 riadye 3ayb 3anjad ktir ... Mesh heik byel3abo basket #ShameðŸ‘Ž @LBCISports @ghayathdibra #Shame,Negative
7asis 3youn nancy ajram ra7 yekhtefo ðŸ˜ ,Negative
Hayda fehmen el snapchat ghalatðŸ˜.,Negative
@AlineTanoury mmmmm chou belik fadeh ekhir hal leillll belik bi dalida w ziad w eza habbo ba3doun tarako ba3doun lollll chou hal adar ,Negative
Chou hatta khasseh 3a rasa,Negative
@Samaar_hw @RalphSlt hayda huwe zeto bi 7adis lbalad bss bija33ir aktar,Negative
@Marwan_BFD @dankarz @MhamadDankar @AdhamArslan eza hada sa2al 3an lshabe kilo busy bl whatsapp ,Negative
@AmaniEzzeddine laaaa hayda esmo jahal:P,Negative
I m in love with the Coco Chou ma elak ta3me bel hayet anta,Negative
@cherif_allam hottellak chi soura m3atmeh aktar,Negative
@rodolphbourgi hahahhahha hayde ktir bte7keðŸ˜‚ðŸ˜‚,Negative
Ktir habile ente ,Negative
Shaklo metel balotelli hayda hahaha,Negative
Hayda mehen ya habibte,Negative
@Douniakatibi eh ktir bahdaleeeeee,Negative
@_Nikkiie_ w er :p,Negative
Wliii hayda twitter msh insta,Negative
@AsmarMaria 3anjed eno ana aw2at lama chufik 3am tdakhne b sir ma3e bonner! Min hal ahbal hayda li ma bye2ta3 wala b2ay tari2a,Negative
Chou ossit #mentos w tde3wos ejren w ri7it ni3o. Enno ma fi afkar de3ayet a7san? #mentos,Negative
Ma 3am befham ma ken lwade3 mni7 chou li fawa3o heikkk,Negative
@Riita8 @andrea_lian helo 3ane :p ,Negative
Ansar w liverpool 3laye ktir hal2ad ,Negative
@sanatarabay hahahahah chou bakrah bass ysir heik 2achya,Negative
Ya la2eeemee ,Negative
MABEDDI EDROSS BADI THAWRA ðŸ˜­ðŸ˜­ðŸ˜­ðŸ˜« ,Negative
@S_Assi 2reft l akel ya zalame ad ma akalt lyom,Negative
@fakihn allah la ywafe2on kif 3am bi2atloulna l jech lebneni aslan eza keno sena aw chi3a aw ... chou manon 3alam w 3endon ahel,Negative
Hayda minou le3ib haydi temssil thanx brazilðŸ‘ŽðŸ‘ŽðŸ‘ŽðŸ‘ŽðŸ‘ŽðŸ‘ŽðŸ‘Ž,Negative
Btw l goalkeeper ktir feshil ma byet7arrak 3nj afshal fari2,Negative
Ma2oule ba3dna bala houkoume 3an jad chou ktir so3be,Negative
Ya reit ya isteiz sabah mazeil bihimak baladak we zi3lein 3a wleid baladak trakiz chouway ktir 3ala moumasilin baladak...ma tiz3al minni hadortak m2asar ktir ma3 el chabeib bi libnein...libnein mich bas baneit hilwi ta tou2af 7ad moumasil souri... ,Negative
@deliciadagher @halastyles ou3a 7ada y7kele chou l2ossa :&lt; ,Negative
Ma bymshe l hal jem3a w hek ta2s b nafs l waet lol ,Negative
7aram patchi w alfa m3atren anja2 betal3o 2-3 millions profit a year ,Negative
@Sami_Aoun_7 man @PaulGhanem 3ayouch bado yrou7 ma3 marwan w roberto w baraket yeskaro ðŸ˜“ ,Negative
@Gebran_Bassil Dakheel ijrek maba2a t2adim shi inta. Shfna kl shi shtaghalto lawen wasalna. Rte7 habibi nhna mn adim 3anak,Negative
House logic be like : Hayda el cha5es chaklo merte7 bel nawme 5allina nbalich ndoj w neze3jo 7atta yfi2 ,Negative
@FawazMay eno ma byitla3le bonjour?????ahl ljnoub kerama wala chou??????,Negative
@AmmarFadlallah @HadyDoughman 3ayb 3lek ya sayid..zolom hayda biseer :P,Negative
@TerrAyoun @Gebran_Bassil lesh n7na badna nsta2bel wnt7amal 3ala 7sebna aktar men ta2tna wbel e5er ele awaynhon byt3anona bdahrna ,Negative
@NadimKolfat @charbels41 l helo fie 3am ynakit 3al sukleen w houe chauffeur taxi ,Negative
@AhmaddOssaily @ReeemAjam aslan hayda l shaytan li sharreke yeh la2an amerkene,Negative
Hala2 bedkon t2oulouleh eno mafi hada byel3ab call of duty online? Chu hal cha3b hayda? ,Negative
@hasanmakki ma khas l history b hek :p ma tkun metl liverpool fans:p ,Negative
@ousbou3fisa3a 2alla yse3ed chou biyefham,Negative
@mlzzzzzz 3adz  3melo ba3d chi machrou3 baleyÃ© #groupe #de #putes #groupe #de #putes,Negative
Lech l 3alam ktir ferhane eno brad pitt w angelina jolie tjawazo ?? #ma_ykouno_emik_w_bayik_hbb ðŸ™Š #ma_ykouno_emik_w_bayik_hbb,Negative
Soukleen kenit 3am tekhid milliard zyede chu 3am thke milliard bta3ml ktir. Tol3it lriha msh mn wara soukleen bs mn wara wen 3am bi kebo lzbelee bs em lcha3eb eno 3am bi mouto mnel riha bl costa brava w bl ne3me ,Negative
Msh masmouh ade fi sa23a,Negative
Omg ðŸ¤¦ðŸ»â€â™€ï¸ li 3al autostradre ,Negative
bi balad l3ajeyeb bi lbnen 7akim jara7 sh5os ynzouf dam bl 3yedeh w ynzat 3la lrasif w ma 7ad bys2al l7akim leh 3mlet hek !!!!!! hayda lbnen ,Negative
Teb leh sa23a ? ,Negative
"Fi hada y2elle chou ela ta3me ossit l ""prom date"" ",Negative
@JamalBarakat ma helo teksouf el 3alamlamma hada yetloub mennak talab helo tlabbe!! ,Negative
Bas ma telkush shakhes ma ktir testaghreb ino battalo yehkuk.,Negative
Fiye efham ley dafir 2id lchmel bytwalo w dafir 2id lyamin bi dalloun 2sar Y3ne ktir jorsa hek yi haram ,Negative
Eloun tlet se3at ben Dubai w Marmaris w ma na2o ! Walla lebnen ahla be ktir :/,Negative
Li helo b beitchabeb ano fi 16 knise bas li ahla bkouno noson fadyin w 3al a3yed bte3jo2 ,Negative
Mich eno w3it lse3a 6 wbel 3ade bou3a lse3a 7 40 helo hek eh? coffee w osas lsebeh. LA2 ,Negative
@KachmarAli @Janahakim el e7tiram ma khasso bi fare2 el sen. Fi nes akbar meneh b ktir w ma kharja e7terema ,Negative
Ma3ke ha2 ana ma3ke bs ala cheikh samy 3aylti pierre ba3don wled badon yet3alamo w yekbaro bs 3aylit cheikh bachir 3aleyon hene yekhdo ll arar w sad2ine fi ktir 3alam by2bado mtl general aoun ma3ash jesh w ma3ash ra2is jumhuriye gher ma3ash ex neyib ,Negative
Wa2ef habal 5haye pls W 7ata wle men jam3tna ywa2fo habal 3a ja3ja3 w jonblat mbe5htlef bel eshya el s8her mnetjme3 bel eshya el kbere enta me2tne3 eno el harriri sara2 ? Keef lakan 5heser hal 2ad masare ? ,Negative
Bi chou belik lkel 3m yetzahar nzale tzahare ma3na ,Negative
Ya aame anjad baarf eno sawte mez3ej w mesh helo w metl lm3zeye bas ana ray7 aal hafle la enbost w sare5 w 8ani ma3a mesh ta 23od  khalass tsay7osh aalye ,Negative
Nzelet Riyad solh today w ktir assbet no way elle aam besir no wayyyyyy ,Negative
Ouaa tohdar you ana ma to2to ktir 3assabne,Negative
@MarcRashed4 enta ktir sa2il,Negative
@samirsleem bro ne7na bisexuals chou fiya?,Negative
@VivoD3 @whos_al @alimouinjaber @rayaelhassan Ra7et el solta el tanfiziyi hala2 fi el tashri3iyi wel jomhouriyi...ya byetnezalo w by3mlonyali el thawra beda yeh ya 2ama mafi rest la yeghra2 lebnenðŸ˜˜,Negative
@LaraAtat akidddd kel leil 3am bi fakir bi hakeh marwan charbel li bi fout bel aleb ,Negative
@HusseinAlameh @_mayarr @KRHamzeh Mayar kharabet bet twitter bhal soura enta,Negative
omg please ma bsaddi2 fi nes ma3e bl grp 3am ta3mil psychology ,Negative
@StaracArabia lech w chou sabab ma3am thetou gheniyet mabtes2alch 3alaye li ghanetha kenza ????la2an mbayna ghada rah yaf2a3 2alba men lghir,Negative
@NinarElkak chou beke Neuer. Mouhejim,Negative
Wtf chou khas erdogan bl mouzaharaðŸ˜³ ,Negative
@Karlsfeir ma baddak yo7daro terke ma beddak yo7daro jouzour chou baddak? Y2adouwa porno ya3ne? ,Negative
@ayoubjanine ummm anaaaa walla lyom 3am zawim hatta wl ac mdawar hahahah seret mhamam 3 marrat lolll w now feyit ktir chob w ess,Negative
@beainio Wlak yeslam timmak 3ala hal 7akki...ktir saar fi bala sharaf!!!! ,Negative
shu hayawanet ðŸ˜‚ðŸ˜‚ðŸ˜‚ðŸ˜‚ðŸ˜‚ ,Negative
@MarcRashed4 weer hayda taba3 mbereh?,Negative
@samirsleem chou mfakarna milan ? Anw ana fe2id l amal hal sene CL so eh mafroud yta3mouna khara l layle,Negative
Mich 3am tozbat ma3i. . . . Eh w chou mna3melak?,Negative
Bade efham chou khas lwardee bi allah ðŸ˜‚ðŸ˜‚ðŸ˜°ðŸ˜°ðŸ˜°ðŸ˜° ,Negative
5tana2na men rihit l hari2 ,Negative
@hazoon2014 chou beneh ???,Negative
Bro i live in a 50*C country w ma bhayeta ra2bte htar2it w asharit bas jeet 3a beirut sar hek leh... ,Negative
E5te chou 5as lawena?,Negative
@ramonak23 @MarwaElMarouk ðŸ˜²ðŸ˜²ðŸ˜²ðŸ˜°ðŸ˜°chou hayda ya 3ayb el choum,Negative
Akid mish joker 7alabouuu ,Negative
@AndrewBachir bass wla,Negative
WLE SHOU HAYDA WLE YNWA YNWAYNWAYNWA YA3NE MA BYETRABBO WLED EL HARAM KHALS,Negative
Chou kamm 3eres bel tankee?!!! :o ,Negative
@RomyMChaoui uf oui fhemet! Hahah chou bekee??-.-,Negative
@ChaficAtallah @maxwont khaye mar chabel ma hada ba arreb 3lei chou fehem ? ,Negative
kif wel qada2 menchara w kif yalli 3am b taleb bl mouhesabe houwe l fesed. ba3dein fi ktir ness bala chegel . chou bta3mol bte23od btetfarajjjjj ,Negative
Hayde me3de ha? Hayda kiss nailon!,Negative
Chaklo 3eyich 3a gher kawkab hayda... ,Negative
@JoannaKai1 6 snin??? Rou7e 3mele 7akime  chou ela 3aze 7ayawenet ?,Negative
@Samirnassar95 chou fiya chi helo? Elle pleaseee gher eno bs bass awal noss d2i2q ? ,Negative
@maleksharif plz s2alo shou ra2yo bl shebeb yelle darabou l 3alam bl wassat Beirut w yelle 2awas b zalka ,Negative
@HadchityMarc sadi2eh past mesh ya3ne men seneh ðŸ˜‚ bzakrak torres sarlo aktar men sene rayih men liverpool (l soura l enta hatayta abel) ,Negative
Dakhlak HezbAllah chou bte3tebera milichia aw chou? ,Negative
@FaridaZeinaty hahaha chou m3asbe menno:p ,Negative
hloff eno enta scientifique w bta3nel recherche hadret l neyeb li ma ba3ref esmak?! HAHAHHAHAHHAHA,Negative
Lk badi a3ref li 7eko 3a set najwa la2na 7ata salib ra7o 7esabo w rej3o w tol3o mn ahel l jani lk feye a3ref chou hayda takhalof allah wa7ad ,Negative
@Gebran_Bassil plz plz gebran 5alik mtebe3 lmawdo3 ma ba2 badna phalesteneye wsoreyen 3ena el mawjoden bykafo ,Negative
Hayda mfakar Sayyid l masi7 mtl Sayyid 7asan ðŸ˜‚ðŸ˜‚ ,Negative
Lakk hel 3ana lal mara :p ,Negative
@ChaficAtallah skot chafic ,Negative
3an jadd chou alabte 90 daraje ,Negative
Byehkoune ashkel ktir gharibe 3al kik,Negative
URGENT shab 3am yenzof bel m3ounet bi jbeil w bado A- daroure ... esmo Nader Matta w hayda ra2em bayo 71375399 el shab wahid  please help,Negative
marra jc al byel3ab l 3atwe eddeme w la halla2 ba3edne ma tkhattet ,Negative
tab 3anjad haLa2 ma hassin wade3 l balad zbele w rayheen aa mahal ktir majhool cause kellu ale3ib? ,Negative
Day3a w ana bi beirut ðŸ˜­ ,Negative
Seret khabsa chakhsen lyom,Negative
Wtf chou sar?,Negative
@Imadalhindi mouch 3ejebni iben el Maalouf lately mouch 3am byetla3 7esso ktir @jad_maalouf,Negative
Ktir ketranin l sha7adin hal fatra,Negative
Mammiiii hara2et ide,Negative
Plzzz @nabil_ajram tamina 3la nancy kteeer msh8ol balna 3leeha ðŸ˜’ðŸ˜­ðŸ˜‚ nancy sart a7san hl2 ??? ,Negative
Ana lezim arrir b asra3 wa2et chou bade etkhasas aw jem3a. Bass la chouu ,Negative
@HaveYuGotItYet ohh shit :/ kherbene ktir ya3ne?,Negative
La2 msh ana! ,Negative
Hayda tayaran aw shu ,Negative
Je3et bas its not jou3 jou3 its stress jou3 fhemtoune??,Negative
Men wen toli3 haydaðŸ˜­,Negative
@Kami2kira hayda shi beshaheeeee ? :s,Negative
@Maria_Kassis Lehhhh ktir meshweye:o ,Negative
Ya deli 3alikon be hal sa23a allah y2wikon ,Negative
ktir bhes ma hada ha yelkeshne iza hatayta shou awlik ,Negative
@HusseinRimmani ktir ha itdeya2 iza fal.,Negative
ana men hala2 la tos2ot lhoukoume kella w tokhlas l thawra ma rah otlaa aal autostrade ,Negative
Chou lal chaba3 el infijaret ,Negative
Chou helo hal balad moukhayamet w sle7 w 3adeh :p ,Negative
"Woah kenet nkhabaset... le ma meshe asra3 w khabasneðŸ˜³ðŸ˜¡ ",Negative
"@JoanneSayssa nawre: ""sabaho ya helo"" jana : "" joanne run :| "" ",Negative
@my orthodentist please ma ktir tnikile temme i wanna enjoy China box liom ,Negative
fi rehet bakhour ktir awiye.. what are my neighbors summoning ,Negative
@lylymaalouf madame ma t2aderbo ktir bedna nkhaless bakir :p,Negative
@marwan_masre sheyef el chabah moukhif ka2ina hye w  hssein el deik twins ðŸ™„ðŸ¤£ðŸ¤¦â€â™€ï¸,Negative
Hahahhahaha albo melyen mennaaa ðŸ¤£ https://www.facebook.com/723616625/posts/10156414568561626/ ,Negative
Shu sar fi hayda w leh bento hek ,Negative
Shu hayda il AUB ma fi nafas jowwa :P l3amma hrabet :P ,Negative
Eza byokhsaro lyom ma ba3rif chou ba3moul ,Negative
@SandroMsaed @najwakaram @alimouinjaber @ArabsGotTalent rah ywa2e3a 3a chway chou el ossaaaaa,Negative
Ya 3adra chou hayda!!!!! ,Negative
Yalla rge3na balachna men awal w jdid! #Beirut #Ashrafieh rip #AshrafiehAndVictims #Beirut #Ashrafieh #AshrafiehAndVictims,Negative
Shou lezim a3mol bi daynte el chmel eza ktir aam besma3 da2et albe? Hessa fi shi bi alba w ma aam yotla3 ,Negative
ktir mehtar iza bhot aw la2 aashan men zaman bade jeeb Dzeko shirt ,Negative
Chou ? Kif ?,Negative
Mertadde ,Negative
@JasonMardini yuhhh khalas chu bedak bhal chaghle aslan :p,Negative
@christelle1612wlek a7la chou mno23oddd ma3 l z8arr :/ ? ,Negative
La la laa ya hollandiee chou 3am ta3emloo layleee,Negative
@mich_h ehhhhhhhhh ma heikkkkk chou ha tetsalehhh bi cha3ratik mahroutin 3al sa2ef bel jeux de lumiere,Negative
Chou??? Ma fi bad things happening el layle?? ,Negative
@jadbadine: Hayda ghadab allah 3ala l 3alam teta is that you?,Negative
â€œ@melissahabchy: @karltabet1 chefeetttt :(( haydik el jom3a rekbte halla2 2ide Im dyingâ€hayda alla ðŸ˜,Negative
La ytamnouk enno fi ghala bl da2 ,Negative
Sar 2was be adonis ! Helo action bel hay ,Negative
@perlarouhana Fi Kam Hada 3am Yhotto Dislike 3al video W Akid fi Ktir rah Yente2dou Fa 3am Zakkeroun Bi 3e2detoun ;p #LeaMakhoul #LeaMakhoul,Negative
ktir bade ghane bas kamen khayfe l kel yeghfa ,Negative
Tkheyalo yeje boukra principe de detergence ya3ne hayda li na2is,Negative
Chou sarlak ? Habibi?,Negative
@SarahAM99 Chou sar,Negative
Bade enjahhhhh ðŸ˜ª ,Negative
bro kif serna hon ,Negative
omg chou sar be ghadir,Negative
@hazoon2014 leichhhhh chou bekehhh,Negative
lahza 3anjad fakarto houwe zeto ðŸ¤£ ,Negative
@ReinaDannawi @nadinennjeim @khal333340 @abedfhad bas ma enti li bil souraðŸ˜œ !!,Negative
@alijaafar54321 hayda 3ana b lebnen ? ðŸ˜³ðŸ˜³ðŸ˜³,Negative
â€œ@Vince_Gebran: Halla2 ma3 kil event lÃ©zÃ©m yÃ©n3amal ma tÃ©nso t7otto sa2Ã©f #Anti #Swari5. Just for safety.â€ Loool #Anti #Swari5,Negative
Ya ilahi shu hayda,Negative
Me: *jumps off the chair* Woah shou hayda? dabbour? Cousin: wlk lah. hayda sarsour. bi tir. mn 3ashiye. Me: *drives back to Beirut* ,Negative
Kello mlabbak ðŸ˜ ,Negative
@hazoon2014 ana mni7 khabrinehhh chou li sayir ma3ik,Negative
@jesuisjamal chou leich ghebteh jom3aaaaaa chou ken bekehhhhh,Negative
Nshala t2t3 3a kheir ,Negative
Chou hal chi ?!!!!!! @hayda7akeh,Negative
@Omar_Khodor ana member b injaz -.- bas ma bade yensou l shhede bel maktab b beyrouth :P 2al mneb3ata #aramex #aramex,Negative
chou rah ysir fina ba3d kam chaher??? :O,Negative
chaklo bi khawweff walaw?!!!,Negative
mich ma3rouf kif rah ykoun el toslih....,Negative
3am y2oulo jeye tsunami 3a labenen!! #yailahi,Negative
ktir khayfe es2ott maths #secondefinals,Negative
@jeanluc2 ma bhebb etmacha bellel honik ma berteh,Negative
ekher marra sar heke kenet rah aamel ta7teeeee so la2 ma bchil,Negative
@audreyakl5 aanjad proud.. ana baadne bkhaf men hal chi,Negative
bayye ktir m3assab  ma bede choufo hl2,Negative
na2alna el jara 3al machfa... ba3d ma 3refna chou sar ma3a . bas a3ref bkhaberkon :s,Negative
fetet fiye siyara ana w rej3a 3a beit men beirut.. achat albe bas hasset bel darbe,Negative
ma bede erja3 fout bi 3ale2a w en2aza aktar yemkin..,Negative
3al mada el arib mich aaref chou el jaweb.. ma badde erja3 eghlat bi ha2kon w ekhsarrkon,Negative
mar3oube men el carnet,Negative
@joesaymongebrane manne mla72a khalles lal rendu boukra w seret mkhallsa bas planche men assel 5,Negative
@AndreaJadaa chou rah na3mel lal presentation boukra? hesse rah nos2ot bi ouwe,Negative
@JeanPaul87 ana hek.. hal chi mich mrayahne abadan.. allah yestor,Negative
allah yestor chou rah tal3o arar,Negative
corona woslet 3a lebneeennnn kif rah nkaffe???,Negative
kel ma fout 3a supermarket w y2arreb hada 3alaye bi de2 albe malyoun,Negative
mich rah lahhe2 khaless ya allahhhh,Negative
saraha kel hayetna rah tetghayar men wara el corona chi ma bi tammenn :/,Negative
lezem emme tomdile fahess el svt w jeybe 7/20 :/,Negative
3am y2oulo el nes ktir 3m tesro2 lately!,Negative
ya delliii chou sayer barraaaa,Negative
hlemet eno kenet 3am bou2a3 men el chebbek,Negative
bas ousal 3al beit rah ekela bahdale men ahle ela awwal ma ela ekher.. d3oule,Negative
@alitahini machghoul bele 3alek ktir ya habibe! 3tine khabar eza bayyan chi ma3ak.. wallahi albe 3lek ya khayye,Negative
@ahmadabdallah88 hayda dalil edde ahrinak :p,Negative
@Simon_993 Mch hk Ya simon bas 3anjad he chab beche3 kif b oulo 3anno 7elo? ,Negative
@Hammoud_91 @LamaGhaddar05 hayda le 3am ya3mlo le3lenet kter gesho :/,Negative
Bas enno seriously ana ele yawmen betkhayyal keef l ahadees 3am tejre bayneton 3al whatsapp group tahdeedan Hariri: ya shabeb ba3ref badna nesro2 kellna badna nesro2 hayda mettef2een 3le kellna bas afarouna wled l haram halla2 shu badna na3mel ,Negative
Lek fi LU bl soura it says enno mndal nendob 7azzna ,Negative
@aziz1617 la2ano ktir z3elet ana... Hahahahaha btw ya habiile unfollowed**** ,Negative
@7Merhi hayda ya3ne l wahad byeje nos kherfen nos majnun :p,Negative
@JoannaKai1 maraaa sorryy :p 3anjad mich ased,Negative
@D_AJ_ ye3neh ntartineh la odhar min beirut la tinzaleh 3al hamra??? ;( ,Negative
Eza metet mn l sa23a tzakaro ene bhebkon,Negative
Ehle ma b 5alloune nazzil l siyyara 3a beirut :( ,Negative
math w englize tmrw helo kteerðŸ‘ŒðŸ˜­ ,Negative
Ma ele jlede ,Negative
Hazze l beche3 I only go TR :(,Negative
@iLoveMJK @__noOna_ ana ma bade yen3arad hayda l ramadan cz fi meryem ðŸ˜“ haram ykoun fi la haifa 2 series betdi3 l tase ! ,Negative
@pamoffff bas 3anjad tawal ktir 7adis balad chata2na lal barnamj,Negative
Anjad kteer zaha2 men douno :/ ,Negative
@MelodieTamer yaret ha ele :(,Negative
@Cybele_reaidy @ChaficAtallah ma fi ra7a,Negative
W ahla chi eno semeater break bas eno l ta2es mech ate3 ,Negative
disappointed eno ktir 3ade ,Negative
Tomorrow first day of uni w ma 2ile jlede :p chou l3amal,Negative
Aayne ktir aam toujaane ,Negative
@NourH92 ma bi salle ktir eza ma ken mou coach tbh,Negative
Lk lyom chft chi chaben ktir hlwin w knt lbse clown w 3achiye chft aktr mn 3 chabeb hlwinnn w knt lebse chabbb B2tulll haleee?!ðŸ™„ ,Negative
@Kalamennas fina na3mol ktir echya Bs dawletna ta3bene ktir .... ,Negative
@tamareldahr @BobBakour el cnxn ktir bati2a badde shi 4 snin la ohdaro kello,Negative
dakhilik ana natra el apocalypse la ekhlas men hmoume ,Negative
Sa2ta men awal yom.. Helo ,Negative
@zienb_2 eh wallla shta2tt :( ma helo hk tab w lh we2ef l wtsup? :( ,Negative
hayda 3azeb ,Negative
hahaha! Yaret bass el helem el 3arabe ba3ed ahyan teh2i2o men hal chi ,Negative
@eyadnakad 2-hayda el tefkir li 3am yjer el balad la fetan mazhabiye w 3ayb nda7ek a3de2 3layna ,Negative
Ana hesis rah trouh 3layna ana heik sheyif...maximum khalas iza ma meshe hal l balad men hejir men3ish b balad yalle 3eyshin fi l 3awniye balad akho maniouke shaklo ma baerf wein bas balad ktiir helo ,Negative
Leh we3e hal2ad bakir w bas ykun 3ande sheghel bet3azab ktir ,Negative
"Person: ""Khatik ktir helo mabyechbahik"" me: thx person: lek la2 azde over ne3im w ente ktir hyperactive . Euhh chou ekhdine fekra aan el hyperactive mafhemet? ðŸ˜‚ðŸ˜‚ ",Negative
Ktir mdaperse liom  ma32oul la2n rje3t aal jemaa ?ðŸ˜«ðŸ˜« ,Negative
KTIR ðŸ˜© ,Negative
Oth byaamele depression w b khaline ekoul ktir,Negative
@Yara_berberi @ghanemeddy nhnaa mjenin chwe la2 ktirðŸ˜‚ bss enoo haram maa nchufo ðŸ˜­ðŸ˜­,Negative
@LeaSbaite khabrine besharafik ana ktir zeh2an bel saff,Negative
@fadelkaadan anna bi beirut bas raj3anee 3a Milan :/ ,Negative
@OsamaRahhal9 @tonyrizk_963 man ktir sa23a b Zahle l 7arara shi -5 !,Negative
Ana bente7er ,Negative
7AYETE KEZBE MA T5ALLINE ERJA3 BALLISH BEKE ,Negative
Saro marten bou3a maf2ouseee !! @Charbelonsky,Negative
Sha3re ka2anno 7ada mkahrabne ,Negative
Ktir 3am bekoul lol seeet ekil 7 wa23at lol now talabet berger ,Negative
@perla_noun yhh :( bass helo el mawdou3 ,Negative
Bhes hale ktir habile lama 2e2ra shi bel french w ma efham wala kelme.,Negative
L liste shwe ktir mesh zabta ,Negative
@Charbelonsky @JuniiiR eza tom ford tole3 ma3ak hek c grave :p,Negative
#typicalLebaneseFather Dad:joanna 7ej tekle btonsa7e W kel ma yjib akel baddo yta3mine bl ouwe #typicalLebaneseFather,Negative
@sabine_mansour @MhdDankar @waelhc @Marwan_BFD ana bzon ma btel2a bs het ta nshuf ,Negative
3am tehke 3anak ya bro ðŸ˜‚ðŸ˜‚ @Gebran_Bassil ,Negative
Hayda lGeo byeje 3a eco bel 3arabe . W es ðŸ˜© ,Negative
Bala manyake aam tujaane ktir baydte ,Negative
@Myriam_Khalil exactly. Yemken shi soura mn asel 10 ele la ya3rfo ysawroune.,Negative
Migraine ana chou 3emletlik tab?,Negative
@LaraBouMoussa aslan fi parts manne ktir fehmeton :/ bass yalla ... 3am net3allam chinese ... Baddik ahla men hek??!:p,Negative
3am chuf m3alem l shawarma b mar mikhael aktar ma 3am chuf baye ,Negative
You know enno kel el saf sa2it lamma el estez ktir fe23a ma3o ,Negative
-Lily chou ha ta3emle men ba3ed ma tetkharaje ? -nem. ,Negative
B oulo alla khala2 l 3alam b 6 iyem w ana projet jem3a bede chahren la khalesob,Negative
nes yali 3m t2eli ntebhi 3m yeser2u ktir hal fatra bheb elkon enu eza hada akhad jezdeni ha yredeli yeh shafa2a 3layi w y3tini masari ma3o ,Negative
Leano ente no nice aa halikðŸ¥º ,Negative
Ma tonbosto ktir halla2 metel l 3ade mnenhebil ekhir chi. ,Negative
Whyyy bhebb hl2d l akel whyy,Negative
@RamyMhanna: Mish meshe l hall b hl 3asfe  m2adyina akel azda 7ash*,Negative
Ughhh teb. ,Negative
Ma fi ryeha,Negative
Helo ktir na7esna ba3ed ðŸ˜° ,Negative
@mariagilmour6 yemken hayda 3anjad helem ,Negative
@OumaiimaKamiil1 @reem19431 sorry hbb kenet ktir madghout el hamdellah now am fine,Negative
Barke la2an ma beda ta3te ra2ma ðŸ¤·ðŸ»â€â™€ï¸ ,Negative
Akh yaret helem hayete hayda ,Negative
Ma ba3ref ento chou 3am yousallkon bass ana wala shi ,Negative
Fadahtoune shou bade a3mol b hale ,Negative
@ola_krayem ana kenet 9 bas la2anu fi faute d'orthographe ktir shelet 1,Negative
@NaylaNicolas 3anjad.. Hayda she ilwa7ed le ma 3am ba3ref 7ebo ðŸ™ˆ bonjourek have a nice day ðŸ˜˜,Negative
Mesh r7 2et3allam ma ta2il akel abl ma nem Batenjen me7sheðŸ˜,Negative
Ktir beye5 l balad lama tkon l ter2at maftou7a bi shu iran a7san mena ,Negative
Li b de2 l beb b le2e l jaweb. Ma assar fike. ,Negative
Ya harammðŸ˜‚ðŸ˜‚ ,Negative
@AliKaraki91 no hl2 b2ulo b7bik metel el mar7aba l7ob sar bayekh ktir,Negative
Waylon li oummaten la tarfa3ou sawtaha ella fi janaza wala taftakhirou ella bel kharab - Gebran Khalil Gebran. ,Negative
@SamanthaD17 la2 wlo! Helo ykoun min lebnen haram truh l zine li 3al tor2at di3an. ,Negative
Tb leh l guys li b saffe ktir wled ,Negative
@AbouNajemElie ltagha l machrou3 w chakle metlak 7a nem ;) w chakle 7a esba2ak loll ,Negative
@HasanOsseili ana ba3dne bala akel lyom ðŸ˜¢ sheyef l dene akel :p,Negative
Ele yawmen 3eyech 3al negro w 3asir ra7 8ib 3an l wa3e ,Negative
according to oomf ana nes7an wejje sar ansa7 bas eza habb l hawa w ramani bsir b beirut,Negative
Msh 3m la7e2 jowa w barra ðŸ™„ðŸ˜‚ðŸ˜‚ðŸ˜‚ ,Negative
80% mn lshii3a including me 3ayshin bi sera3 dekhele between defending lmokawame le defa3et 3n aredna w fadet bi wleda dodd l3adow lsohyune wben nu2af dodd seyeset hezb allah w maw2afo mnel thawra. I cant describe the struggle right now ,Negative
@christybarakat ken fi ktir talej bs 3elyet el harara ktir so faraya msakra ARZ MSAKRA fi bs laklouk wel laklouk&lt;&lt;&lt;,Negative
Tb walla sa23a ,Negative
Teb ktir sa23aðŸ˜°ðŸ˜° ,Negative
Ana bhebik ktir bs ma habyt menkun bs ro7te ala jlasit mouwezaneh w lezim te7termo waja3 cha3b w sawra w zolem abel ma ta3mlo ehtiram lal mou2asaset ,Negative
Sa23a aw ana bene shi ! ðŸ˜•,Negative
@nicolasmezher ana ktr z3elet 3ali 3m t3mlo ma3 rim bs bidal temsilak helo w moudhech :) ,Negative
@CybelSaliby ahhðŸ˜‚ ehh w el tal3a ass2al b ktir ðŸ˜”ðŸ˜‚,Negative
@LBC_Group 3al #mtvlebanon keno ahla #mtvlebanon,Negative
@BobFanous Mish defensively azde bass eno ma ken fi ktir chances w plays helwin w hek,Negative
kif fine edros ,Negative
Chou wa3ene ana(?) ,Negative
@NadineElRassi @Mariane_Saad woselik saleme aw nesyetne ðŸ˜ knt ktir habe enzal bs ma edrt chefte el school chu bta3mulðŸ˜­,Negative
Ma fi ktir hawa ðŸ™„ ,Negative
@joe_moubarak chou bek mya2as? ,Negative
Teb ma mammiiii bede bouzaaaa,Negative
Ma hada bi hemmo ,Negative
Nobody said enu henee mush gheltaneeen ana akidd akidd doodd hyda shi bas kamen huwe maken lezm ydal we2eff w yba3edd w kholsit ,Negative
@RimaNJEIM ma 3ena ersel ya rima beyrouth gemeyze alla ma3ik ma sme3tik wala lsala ma ba3ref eza men 3endkon or lradio . ,Negative
@YesserTayyara @carolee12345 kel hayda 7ad bayte w mish 3aref...,Negative
Chou ba3mil bi hayete(?) ,Negative
La2 wloo ASOT600 ken bi beirut w ba3don bel nrj music tour? :| ,Negative
W ana ble2e tissue musta3male ,Negative
Bro ma3ash bede thawra bede ru7 3a concert the Maine ,Negative
L liste shwe ktir mesh zabta ,Negative
Sa2ta men awal yom.. Helo ,Negative
@AndrewBachir toz 3leik ðŸ˜œ,Negative
La kel lebneniyeh li 3am bi admo brevet w terminal 2014 . . hazkoun chou helo yaret 3a wa2teh heik ken fi suspence kenit hejet lsa2ta b2ideh,Negative
@samrajoanna @joseph_rehayem pff shou hayda ma tlo3na bi natije mou2ni3a :p,Negative
@Marwan_BFD hahahah haram wloo!! ,Negative
Bnj rima ana 3ende mared tawahod ma3am le2ilo mo2asase wma ma3e hoto bas ma hada 3m ydelne bade mo2asase beirut aw l b2a3 bkun mamnuntek ,Negative
@ahmadmadi12 kif l helo lyom? Miss u :( mwah ,Negative
@tracyghanem eh hayda zolem .. J'ai rien fai le2an :/ :p ,Negative
@VictoriaElissa allah karim w shehed hayda bikafiðŸ˜ž,Negative
@GhidaSkaf eh baybb sba2ine ðŸ˜ Dakhlik 3esh min shefik :o Kel ma sa2alna 3anik btetl3e b Beirut :/ ,Negative
bade hada ydafine ktir bared ,Negative
@joooyyyyyy KTIR AABELE TAB .. MA FINE BAS MARRA? :(,Negative
Akh ya albe ,Negative
Ya3ne habakit ma3e ekoul popcorn mahrou2 halla2 w kassir snene ,Negative
hayda laeano manik sexy metla w ente ghiyrane ,Negative
A7la chi wa2ta ytalet telephone.... Chou mnonbosit :p ,Negative
@stephanie_saad Chou zanbe ana eza da2alle mouhame el fennene Ahlam??? ðŸ˜,Negative
@Monier_Heghazy helo ketirðŸ‘ ,Negative
@mariagilmour6 @reemxxo ehh la2an jessma mish helo?! ,Negative
Ma3ke alef? 3tine alef Ya habibe law ma3e alef ma kenet benzal happy hour,Negative
Ktir zaha2,Negative
Ok ktir ma ele jlede nemchou el 3amal? ,Negative
Ktir jou3 ,Negative
Ktir zaha2 wlo,Negative
@PinellaHanania sho helo l zh2?? :p :p ,Negative
Ktir bhb bass ybahdelne khaye ðŸ˜¹ðŸ˜¹ðŸ˜¹ðŸ˜¹,Negative
Rawwahna kell l regim b akel l ahad #everytime #everytime,Negative
ejit my boss liom aletle oss cha3re al ktir heke ... saraha nza3ajet :/,Negative
liom bel madrasse 3 achkhass aloule enne nas7a w lezem enteher,Negative
Ayre ktir z3elet eno hek alle,Negative
ayre ktir 2asarit fiye hal kahbriye,Negative
aslan chou el helo bel hayet? gher el akel,Negative
ktir z3elet 3anjaddd,Negative
chi bi za3el!!! :(,Negative
ma twa2a3et hek chi menno! disappointed.,Negative
ma betsawar fi hada hazzo beche3 adde.. mich rah etghayar bi hayete,Negative
z3elet.,Negative
ba3d ma akalet chi lyom :(,Negative
chta2tellik ya sette :( ... baaref ente ma3na kel yom,Negative
sarle sene bjarreb et3allam guitar w mch aam tezbat .. khalas ma ba2 rah jarreb :/,Negative
ktir bkit,Negative
twaffet jaretna men se3ten,Negative
ktiiir damma3et,Negative
darabou lal kaleb w hala2 akhadou lal kaleb aand el vet :(,Negative
fahhachet men ba3d fahes el math!! what the hell chou ya3ne cosinus w sinusss,Negative
@kobebryant RIP aanjad ma aam sadde2 #kobeandgianna,Negative
chou bi oulo la chakhess khoser ebno? :( #unfair #sadtruth #angel,Negative
ma habbet kif kholsit el season :( #you,Negative
mawjou3a baadne so saabe edhar liom :/,Negative
3melet accident w kassaret el syyara w sarle se3a 3am bebke,Negative
ma ken bedde tedhar hyye bhal episode kenit btestehal terba7 :(,Negative
ma betzakkar chi helo men toufoulte,Negative
khserna match el football chabeb,Negative
mich hatta chi btemme ele yawmen,Negative
hada mich eder ynem metle? #insomnia jarrabet malyoun chaghle bas 3abas,Negative
harab kalbeee!!! labrador brown esmo Max bi manta2et aarayya eza hada le2e dm please,Negative
ma 3nde wala soura zabta ma3 ekhte..,Negative
ana ktir bech3a,Negative
tale3le habbe 3a sandihte w ele chaher 3m ba3mel daily routine,Negative
tarakna ana wyyeh,Negative
ahle wala marra aloule bravo,Negative
hada ghayre ma bi hebb hayeto?,Negative
badde enteher,Negative
feyte bi depression ma btefham,Negative
allah lech hek khala2ne? :( :(,Negative
saraha mahada bieb2a bi hayete khlas ma bede jareb ba2a,Negative
hada metle ma byonboset bas ychouf ref2at elk madrase?,Negative
quarantine mch nafsell chi la kell el 3ial :(,Negative
ma bheb hayete hek,Negative
tole3 ma bi hebne...,Negative
tkhena2na ana w my best friend,Negative
guys.. confession.. taraket sahebte mberha,Negative
akalta 3ayta la2an kasaret mazharie,Negative
3ayzin dam o- la ekhte bi mestachfa maounet bi jbeiil please rt ad ma fikon,Negative
ktir do3eeettttt chou mafroud a3mel? benzal walla bdal bel beit? :/,Negative
ktir be3tal hamm okhbos hada ana w sey2a 3al autostrade,Negative
what the hell chou 3ed sar ma3kon? jabbarte ejrik ? w elsa kif saret?,Negative
tamnounii 3ala nancy! akhadoula jawza? hiyi sarla chi? w wleda kif,Negative
awlkon eza rehet ethchammas rah ehtere2 ktir? 3etlene ham,Negative
sar enfijar bi iran!!!,Negative
fi rihet hari2 bel beit bas 3eref men wen jeye,Negative
mich edra etnaffas 3al panic! any tips ya helwin?,Negative
ya 3adraa kif bado ye2ta3 hal semester??? ktir stress kel el wa2et :(,Negative
chouuu???? kiff hekkk?,Negative
metradede eza benzal entekheb aw rah ya3rfo eno ma ntakhabton.. barke ezyoune,Negative
lah lah lahhh chou sayirrr bi souria,Negative
el dollar sar bel 4000 chabeb allah y3inna la wen waslin.. allah ykoun ma3na kel lahza,Negative
@stephaniemargossian @JnNakhoul76 chaklo sayer chi ma mnihh la hek sektin kelkom,Negative
chabeb chi marra fakarto chou bi sir bas nmout? barke nzlna 3a jhannam,Negative
ma badde os2otttt,Negative
omg chou sayerrr,Negative
habibti @nousraghaleb1 chou saierr ma3ekk :O,Negative
lahza! hal soura bi lebnen!! ya fakarta barra bi afri2ia aw chi! la wen waslinn ya ta3tire,Negative
el nes kella mlabbake w feyte bba3da.. w ana wahde menon 3etlene ham w khayfe men kel chi,Negative
nchallah yemche el hal.. 3m salle la ma ysir chi yefkos el khabrie kella,Negative
awlkon rah os2ot fahes el tarbiya bokra? #helpme #iwillpay #ineedanA,Negative
3anjad chi byef2os enak tkoun daraset daraset y2ajlo el fahes.. rah kel chi di3an,Negative
di3an kel lahza 3melet w dahhet kermlik... ms fi wafa bi hal hayet #girlfriendproblems,Negative
el mechkle enno nahna 3arfin halna 3el2enin ben sinna w chi3a w mich rah ne2dar netla3 mennon ella bi ouwet allah. 3anjad chi bi za3el,Negative
kir z3elet mennik,Negative
@gracichamieh6 @paolakassar @noelabichedid ana ze3len menkon kelkon,Negative
ma hada rah ye2dar yradine men hal a3al w el aher li ana fi,Negative
@peteryounn3 @sergebassil3 sorry 3anjad wallah ma ken asde ya bros,Negative
mich edra enhaz men el takhet men el sa23a,Negative
el zaha2 bye2tol,Negative
yareet hyete metlik @valerieabouchacra kenet b3ich b alf kheir. mich metel haallaa bmout w biich la ekol leema,Negative
dahre 3m youja3ne :( had bbya3ref chou fine a3mel exercises?,Negative
kel ma elta2a bi chab helo 3a zaw2e bi koun chakle khara 3al ekher.. cest triste,Negative
lil asaf mich rah netghyar bi souhoule,Negative
lil asaf baaed fi nes leh2a za3ima,Negative
3azeb hal semester 3azeeeeeeeeeeeeeeeeeeeeeeeeeeeeeeeeeeeeeeeeeeeb,Negative
bi bakke,Negative
mane edra ethammal za3al w aher aktar men hek,Negative
kf bet dewo aleb maksour? se3do rfi2a mehteje RT,Negative
kl yom aam bouaa cheyfe kabous w maf2ouse,Negative
@makramaoun @nidaleissa lech hek 3am tehkoune tab ? :( :/,Negative
tabb okk fhemet eno m hada habebne mn zamen w je,Negative
haraaaammmm ktir zghir hal 3asfour,Negative
ma na2oule projeyte lal exposition... chtaghalet leil nhar 3ale,Negative
bas chefet jesme bel maillot kenet rah ebke.,Negative
jarrabet bas ma 2deret :(((,Negative
w3it m2akhra ktirr..,Negative
haram ktir zghire kenett,Negative
3anjad kobe ken najem el le3be allah yerhamo,Negative
kobe w bento ma byestehalo 3anjad z3let,Negative
chi bi bakke el wade3,Negative
albe ma byehmol ba2a aktar men hek,Negative
Bes eje fakir bi moustaebale bkhaf,Negative
Chou rah yaamloulna bel labs? Kif rah etkharraj ana eza ma aam nekhedon?,Negative
Sar fi corona aana bel chere3 alla yestor!,Negative
WALAW KHATAF BENTA! Hal mousalsal ktir bi zaail!,Negative
Kif byaamlo fina hek el Drs wlo anjad rhamouna,Negative
Chtaet odhar w rouh w eje enooo 3ish😩,Negative
ANA Mka2be. MA BA2 FINE.. ,Negative
Sma3et sot bel beit mich mestarjeye odhar men louda,Negative
Boukra btotla3 natijet lfhousat. Allah yestor,Negative
Ktir khayfe chouf 3alemte,Negative
@elikhoury763 Margo ma 3m tred 3alaye.. Ma32oul beha chi,Negative
Helo ktir eza finals aa respondus ana jeye tabshe aa wejje.. Chou bade aamol,Negative
@yarakreidi man men chway kenet 3melet accident ba3dne la halla2 3m berjof,Negative
tlo3et bel booster mnih ma 3melet sakte albie,Negative
ktir sara333!! Kel el wa2et ide 3a albe,Negative
ok maybe ktir 3am khaffe2 bas eno 3al alile jarrabet.. Semhoune,Negative
meto kel el pupies :(,Negative
ba3d boukra el te2dim!!!!,Negative
@GhidaThiniFawaz mwal3eta ween ma ken Twitter insta w Yalla 😂👌 ,Positive
Kazem el saher ahla w ahdam w aklas 3alam #MBCTheVoice #MBCTheVoice,Positive
Ya wayle chu helo l goal #france #spain @KarimFKhanafer #france #spain,Positive
Ya allah ayshek queen ,Positive
Bhbak ,Positive
La2 helo ktiiiiiiiiiiiiiiiir l shab !!!! #ctrop #ctrop,Positive
@hiba_khalil1 hahaha tb ma howe ktr helo w hek :p hahaha ,Positive
Fi kteer wjouh helwe 3a twitter lyommm allah yehmikon ,Positive
Wel3aani with ma3 3aylet #Alama  🔥😍 #ElliBaana @raghebalama @jihanalame @khaledralama @louaialama @Beirut Lebanon https://www.instagram.com/p/BqXCFeWHsRV/?utm_source=ig_twitter_share&amp;igshid=n100s7gsfqns #Alama #ElliBaana,Positive
@Marwakkari @tmclebanon merci Madame!! Chta2nelik ktir!! :),Positive
@hayda7akeh @fakihn  Chapeau bas .. Thumbs up :) ktir awiyeh hal 7al2a ;),Positive
I'm loving @YesserTayyara ktir lyom idk whyy,Positive
@StephanyFeghaly ana ktir bheb el promo taba3na :p,Positive
Helo chaklak!!!!!!! 😌 ,Positive
@Mostaphaki @lollanasser2 @ellananoss @rama_ajram @tayemooriya Salmmtek Lama ,Positive
@NancyAjram #MBCTheVoice 3anjad nancyyyyyyyy bet3a2diiiiiiii 3atoul najeh #MBCTheVoice,Positive
Saba7 l5er wlsalem beirut ,Positive
Habibi ana ykhalilik 3ayltek w yen3ad 3layki w 3layon ,Positive
i loveyou hbibt albi w ruhi anti ❤️ @kawtharhadaya ,Positive
@abdallah_7ala bonjour ya 3omri. Chu helo kel yom ou3a w leke ahla kalem men 7ala ma poupee ,Positive
@mhamadallouch @Paulastih @Zeytoona 😘😘😘 aloushii 3yunak el helwen beshufu kel she helo 😉 ,Positive
Merci 😍 la nchuf bass chou 7a yseer hall kam yom 😂 ,Positive
Helo chaklak!!!!!!! 😌 ,Positive
@Mostaphaki @lollanasser2 @ellananoss @rama_ajram @tayemooriya Salmmtek Lama ,Positive
@NancyAjram #MBCTheVoice bet3a2di nancyyyyyyyy kel marra 3an marra #MBCTheVoice,Positive
Saba7 l5er wlsalem beirut ,Positive
Habibi ana ykhalilik 3ayltek w yen3ad 3layki w 3layon ,Positive
i loveyou hbibt albi w ruhi anti ❤️ @kawtharhadaya ,Positive
@MishGhareeb @WaelMansour0 ktr helo ma ma32ul sawto kn r23 ,Positive
@abdallah_7ala bonjour ya 3omri. Chu helo kel yom ou3a w leke ahla kalem men 7ala ma poupee ,Positive
@mhamadallouch @Paulastih @Zeytoona 😘😘😘 aloushii 3yunak el helwen beshufu kel she helo 😉 ,Positive
Hayda jamel lebnen ajmal nesaa elard ,Positive
Dakhlik ente chou mahdoume😍 ,Positive
Merci 😍 la nchuf bass chou 7a yseer hall kam yom 😂 ,Positive
Bheb ali ktir bye ,Positive
ma 3m bet5ataaa ktir awiyee ,Positive
@maximkhalil1 happy birthday ya ajmal moumassel maxim khalil...kelak ehssess w temssilak bi2asser fina ...w jamelak w kel chi fik helo ,Positive
@michaelabizeid hahahahahha hew ktir helo. ,Positive
Shu b7bk ya beirut 😍❤️🌲 ,Positive
@Maromoawad abalneh li ken chaklo helo bel selfie ,Positive
@SaraBaydoun1 ktir 7elo,Positive
@najwakaram ana b7ebik.ktir ya amar,Positive
BTESTEHAL! KTIR HELWE YA OMME.,Positive
@najwakaram Natrinek 3a nar ya malike 🌹 Ktir met3atchine nesma3 gheniye menik 💖 Bheeeeeeeeebiiiiiiiiiiiikkkkkkkk Ya 3omreeeeeeeeeeeeee,Positive
@MMhedged ktir awiyeee 👏👏👏,Positive
Bhebik ktir haifa @HaifaWehbe merci la2anik radayte 3laye bmout gike,Positive
@elma_ayoub habbet esmik,Positive
Iniesta chou hal la3ibbb,Positive
@MariaS_Official plzzzz follow ana lyom 3id miledi farhini bi follow minek plzzz ktir bhebek be3chaek,Positive
@nadinezeidane @HalaElite1 hahahahahhaha lol tab tante hala ktir bhebba w mahdoumeh w aribeh lal aleb w tayoube w helweh w ana maghroum fiya,Positive
@PerlaBouFrancis chou ya helwehhh,Positive
Dude aratet de7ek wa2ta fetet 3layyon like uhm the fuck? ,Positive
Wlak yo2borne allaaaaa #MBCTheVoice #فريق_عاصي #MBCTheVoice,Positive
#LeaMAkhoul lea makhoul min mabihebik min yekhrb bayton chou mjenin #LeaMAkhoul,Positive
HA ! Tiz baydte rebhet,Positive
@sallyhijazi chou houwehhhh li ken la7 yejehhh haahahha :p,Positive
ismail ahmad kess e5to chou awe,Positive
@samirsleem hahahahahah broo kes ekhta scenario jehiz khaalis chou badak a7la men hek?,Positive
W eerr shou helo hal matchh😍😍😍😍 ,Positive
W eerr shou helo hal matchh😍😍😍😍 ,Positive
@ayoubiemma looooool ktir helo bas enteh ahlaaa yo2broneh modelik chou helweh ,Positive
@dimitrifiani @MalouElia ana hélwédimi hélo malou hélwé nour hélwé don shou ?:D ,Positive
Her: Hayete elle shi helo abel ma nnem :$Him: 3asal Ya haram ma fe2 tene nhar ,Positive
"emme bet 3ayyetlna ""beit bou sambousik"" ",Positive
@instakfourywael @kfourywael @DimaSadek bawsi 3ane allah 3ala hl album Chu helo hfozto ya ret by3mlo fi fahes bl skul :)&lt;3 ,Positive
Shu helo eno tnem w tnem w tnem w tehlam enak neyem w tou3a w terja3 tnem w tnem w tnem ..🙊l mohem goodnight.. ,Positive
Shu helo ykun fi wahad bel admissions 3arabe ktir bedhak ,Positive
Ma fi ykoun jamelik hal2ad helo la anno bkhaf ma ye3la lsekareh ma3eh #latche beykha #latche,Positive
KTIR BHESS BYETLA3O SETS OF TWINS 😂😂😂😂😂,Positive
ma tenso tfouto 3al hemmem abel ma trouho long road trip w nchallah btetsallo on sunday ^^ *,Positive
@TarekTamo HAHAHAHAHAHAHA hamdellah ana w khaye mnetefe2 bel football:p bas mara 3al goal nfa3alna ktir so dad fakar khaye kasar shi🌝,Positive
Oh 😍😍 fi ahla b Germany 🥺😅? ,Positive
Shakla ejet beirut w 3araset 😂 ,Positive
@rawan_saade hahaha monsieur ma5ta w monsieur hari2 @Charbelmkrzl ,Positive
#growingupwithjoebesidemeinclass Me: khalas khallina nru2 hay l seea Joe: shu ra2yik n7ottollo ebre aal kerse lal estez w yeje ye23ud aalayaaa ??? Me: yaa ktir innnn @JoeSawma2 #growingupwithjoebesidemeinclass,Positive
🤣🤣🤣🤣 ktir byechbaho ba3d ka2anon tom ,Positive
Khwasre 3am youja3oune mesh 3erfe eza men l dehek aw men l akel,Positive
@abdlsater ah helo hahah ,Positive
Ahle 3mlo popocorn w a3adune beynetun saro yt3mune b3d chwe tafa2o ykhdule lcell bala hess sar baye yjrib ykhdo w eme kmn la ystlmune😂😂😂 Akhhh ktir dhktt😂 ,Positive
Cousinte nezle mn ljnoub t tetzahar b beirut w3l2et hon w2al batal 3nda underwears Eltella i still have new boxers eza badik mesh lebison abel. I wont tag her 😂😂 #لبنان_ينتقض ,Positive
"“@monika_nakhle: Sorry? Bas fike tba3de 3anne?Sayim 3an l helo.."" @rhea_gabriel hahahhaahahahahahhaahhaahhahaa♥♥♥I love uuuu” hahaahahahhah ",Positive
Hahahaha nazel 3laye el nashat el youm  doing sport 3a akher hal lel 😂😂 come join 😂 ,Positive
Ken bade naket hek chi😂😂😂 ,Positive
Hahahhhaa Hayda elli besammo ja3dane 😂😂😂 ,Positive
@koukimak eh niyelikk ana soret bel akel part 😂😂,Positive
“@jado_saleh: @fawzimehio Hahahaha Top 1 smalla 270 💃💃 btw byotla3le 😂😂😂 el top deiman 👌💃💃😘😘” hahaha eh smalla habbet 270😳,Positive
@koukimak @LaraHachem8 @awaiidamonica @AnitaChemaly hahahaha hayda matalna la lyom 😂😂 #matousa2 #matousa2,Positive
@joudirajabbasha mbala fhemta bs ktir da7aktnee :p,Positive
@HichamHaddad57 HAHAHAHAHAHA awyye ktir hay!,Positive
@NourhanKheir HAHAHAHAHAHAHAHAHAAHA ktir awiyyi :p,Positive
Chou bo2tet de7ek eza bykhsaro l brazil 3a ardon bi awal game,Positive
@sallyhijazi hahahahahahhahahahahahahhahha wlak chou khasneh anaaaa entehhhh 3am t2elile ken ra7 yejeh lol,Positive
@Ihabinho_Ak shu hayda ya Zalame😂😂😂😂,Positive
"@Yasmeen_Sidani: @LebaneseSchools: 3am fakir efta7 l shanta - a lebanese student's thoughts"" Hayda eza le2ayta lal shanta"" Hahahhhahahhah",Positive
@alii_wehbi hahaha shu hayda ya 3ayda :p,Positive
@CindyRizkallah @ElyseS16 jebt eshya ktir cute la2elon men spinneys nananaa,Positive
@tar_rash 7adre me8le lyom 3l a3de 😂 ,Positive
L memes yale 3am yetla3o halla2 are out of this world. Te3it l nammoura 2ateltne 😂😂😂😂😂😂😂😂😂😂😂😂😂😂😂😂😂😂😂😂😂😂😂😂😂😂😂😂😂😂 ,Positive
@AlniyadiMira hahaha habb chou hal 2ste2bel l helo:p ,Positive
@elissakh awal ma fe2t staf2adet 7ali 🙊😂 Adore you 😌♥️♥️♥️ ,Positive
"Al tkheyalo l banet ysiro ylatcho l chabeb 😅 "" ya helo chu hal wax  fina nehke 3al wats ? "" 😂😂 ",Positive
ikr HAHAHAHA ken lezim nazil soura ,Positive
@FawazMay enu eh bs view ktir helo b madrestik;p,Positive
Friend : man chou sayir ma3ak nezil akel bel bouza wel sweets ? Me : mberi7 3emil se3ten sport 3am jarrib rawwe7on,Positive
@HussainAyoub el diet m2assir 3lek ktir ya 7asoon😂,Positive
@eddy_hatem ahh non mna3mol tweet up 3a charafak :p,Positive
at least menkhare helo ,Positive
Hahahhahahahaha akid haykkk naake 3 naaam ,Positive
Ya alla chou helwe rihit l iFoss bl chatwiye 😍 ,Positive
dahaktine ktirr,Positive
akh ya allah ghachaytine dehek hahahaha,Positive
A7lam atltne #MBCTheVoice 😂😂😂 #MBCTheVoice,Positive
Hahahaha akidddd😌😉 ,Positive
Ya alla chou helwe rihit l iFoss bl chatwiye 😍 ,Positive
Hahahahahahahaha ktir 3abeleeeeee ,Positive
Hala2 5edlak 3a akel b hal 3id,Positive
@AndrewBachir hahah bas wla :p,Positive
“@rheabamo: Ktir habbet kif bi aldoo😂👅”@sarah_zakhour btetzakkare?😂,Positive
@dominicabuhanna hahaha min allak bade mout :p ma ykoun l akel msammam 😒 wlak sa77a w hana 3a2albak :*,Positive
@Fun0Ginger @joeation la2 lek helo l dubstep .. ,Positive
@lea_karam ma3 batata w toum 😍 ,Positive
Mum nzlt mn car la tmr2ni mn l bineye al car bl shamsiye I mean ana met2akde zawjek ma by3melek hek shi hhhhhh my parents love me a lot ya rab hfazli yehun ,Positive
Eza 8enneyet l musalsal la marwan khoury 3refo enu l musalsal helo. ,Positive
HAHAHAHAHAHAHAHAHA SHU HAL NO3 HEDA ,Positive
jemelekkkk yaryouraaa😍😍 ,Positive
Enno kif 😍😍😍😍😍 #theloveofmylife #GeneralMichelAoun #theloveofmylife #GeneralMichelAoun,Positive
Yekhreb bayta jawza shu helo 😋🤣 ,Positive
@zefloyd @sandrayahya very good ktir helo ,Positive
@Patricia_Hachem Chu helo lebnen huwe w abyad byftah l nafes w bnasina masheklo ,Positive
@Fouad_Rahme ah helo helo ana ele mn 20 decembre mkhalsaaa ☺️☺️ ,Positive
@LBCI_FansSs @LBC_Group Chu hl cadre l helo :)) ,Positive
@raghebalama sabah nour istez ragheb.hadortak w nancy bayadto wijj lebnen b hdourkoun rake wl helo.ma3 tahiyaty. ,Positive
@HazouryWafaa hamdela lol #love #Beirut lol mohem kabes #love #Beirut,Positive
Hahahahaha ehhh ,Positive
May shop la kel sabiy3h bethess hala fashionista :p beirut rue hotel bristol @maybsat111 ,Positive
I love it ktir mood daya3 kel season hahahaha ,Positive
mich eder ontor ba2a bede jib vip ticket ,Positive
Hahahahah ktir b dahko ,Positive
Eh natrik chi awe ktir ,Positive
Oh my God chou awe hal zalame 😂😂😂😂😍😍😍 ,Positive
Shu aam tehke ya zalame hayda naser ilehe esmo😂👏 ,Positive
Knt ktir yenzal dam rehet al hospital w kouwyou.. sarle shi 3 years wala shi. ,Positive
Ranoush sho hal 7ala hayda 3a feka ur cloth wala a7la especially ur shoes :) @Raniamazbouh ,Positive
Ktir hek Porto's GK ktir ! ,Positive
Man Salem Zahran man ktir bhebak ,Positive
@Mohamad_kaiss and Finally Lah Nshufakkk Bukra Btsade2 Ktir Mabsuta w Heik Hasesta Hal2a Ha T3awed l far2 Kelu w Tkaser L dene 😍 best Prog ,Positive
@xnxxporn2002 waw ktir helo ,Positive
W bhebo la moysy ktir ktir ,Positive
@ranamoussallem mercii ktir ena 7a testsdife l queen Lea Makhoul w Natrinkon 😉👍 #LeaMakhoulOnSawtElmada #LeaMakhoulOnSawtElmada,Positive
Bta3rfo shou l helo bhayda l ta2es? ,Positive
Shou hal costume l helo bas 😪 ,Positive
Guys l 3alam l sawton helo &gt;&gt;&gt;&gt;&gt; ,Positive
Tkheyalo yjibo wazir trbiya super byfham w ychlna ltarikh kello mn lprogramme ADEY WAW?!😍😍 BASS TKHEYALOOO ,Positive
Aywaaa habbet 😂💪💪🌸 ,Positive
Hahahhaa Ahla shi  Hayda elli 3a rasek 😂 min ween jayebtee 👌🤣 ,Positive
ya alla hal shab sawto ktir 7elo metlo ,Positive
ohhhhhhh . awiyye ktir hayde 😁😁😁😁 ,Positive
Ana ktir bhebkoun. ,Positive
@gaellechidiacc ktir😂😭 ,Positive
@lole__96 @manoool_66 @meraa205 @BayanAdoreLea hahahahhahaha eh mn rouh chou 3na #LeaMakhoul #LeaMakhoul,Positive
@MiledEl_Hayek ouff man mabrouk  chou mfakkar techtere fiyoun 😂 ,Positive
Ade helo l shete w l ra3ed bara w ana bl takhet? ,Positive
@SarahKaddoura @elissakh @merhebmandy me too helo shi nafas argele honeek 😍 ,Positive
@zakichreif jamelo el helo❤❤ yuburnee ,Positive
@baekhyun helo ,Positive
@nadinennjeim amaising law ktr helo awal hal2a ktr helwe @AbedFahdKingdom @khal333340 ra7 dal e7daro :)&lt;3 ,Positive
@najwakaram #JudgeNajwa ye5reb 3a2lik chou lebe2liiik #JudgeNajwa,Positive
@midolebnen ana ktir b7eb hal8enyee,Positive
wel3aneee ya babyyyyyy b beirut,Positive
Hahahaha eh wallah ,Positive
-Carla ma ha tsad2eee - Shuuuuu fiiii - Eja haydek l helo tdahhakle - .... ,Positive
@mouawadnicolas dawrk ra23 bi yasmina ktr helo :) ,Positive
@FarahShamii hahahahha nshalla bshufik bi matar beirut akhhh ma ile khla2 8 se3at tayaran bs :p ,Positive
@ziadbourjiii hyt l helo bjr ya albeeeee kifak lyom? Loveee u ,Positive
@lovelysylvana @serieslb Wow mn esmo mbayan helo :p wen ? ,Positive
@555Seehaam alah ykhalike w gd morning w nchala ykoun nharik helo ,Positive
@roua_sleem yaaa helo ktir hahahah ,Positive
Lol daharet 🤣 yaret ,Positive
😃 thanks thats sweet kif bedna nehkike private ,Positive
@TThePoeTT sa7i7 hahaha tekram 3aynak:) ana b iyyem el jem3a b beirut ,Positive
Awlak hek enta? Hamdella sar 3enna ra2is #overjoyed #overjoyed,Positive
Ma fe ahla men hawa #jnoub #jnoub,Positive
Kinte betjanene 😍😍😍 ,Positive
Lareine enteh ahla guitarist bel balad kaffeh da2 ktir helo da2ik really ,Positive
Helo kteer kteer kteer ,Positive
Hahahahahahahahahahahahahahahahahaha ktir awiyye ,Positive
Lezim eshab loto lyom haze ktirr helo ,Positive
KTIIIRR HELO seret hadreto marten,Positive
@fakihn @AbouJaoudehTony eh walla la nedhak w nesma3 l sot l helo wl ebde3 can't wait for tmw ,Positive
@AlissarHelou guess sho bda l3bet shedee hkit ma3 maya w yahie jeyee!! #Beirut #friends #Beirut #friends,Positive
Ktir 7elo😍 ,Positive
@MhamadDankar @dankarz @Marwan_BFD @AdhamArslan no bas shakla ktr helwe hayde mnemshi feha ziad ,Positive
Da5il rabbak sho btefhaaaaaam 😍😍😍😍 ,Positive
Chaklo nabil sar chater bel Teswir 👍🏼👌🏻 ,Positive
baed aande ghrad ktir lal kab natra la ekhlas jury so bas ekhlas bteje btse3dine💖💖 ,Positive
Ktir bshil knefe mn aand sea sweet now ,Positive
Marco el soura ktir helwe w wad7a 7atta profile pic ,Positive
@najwakaram ktir habbet eno tnaynetna hattin Sol Major 😍 ,Positive
@nnejehTweets @BBCSporf epl clubs ha ytall3o KTIR masare hal sene mnel tv broadcast..so l kel ma3o masare.. ,Positive
Italian guys ktir bi bako. ,Positive
@mtvlebanon ktir 7lou ,Positive
#WhyIloveGhada yiii nsit sara7tik ktir 7ilwii w awyii .dalik heik ghodghod 7abibi #WhyIloveGhada,Positive
@OlaKaram @sarahstarac mn waleaaa chou 3na #Lea_kenza_best_sisters #Lea_kenza_best_sisters,Positive
@LeaMakhoul a2al chi hayda mna3mlou... love u hbb #LeaMakhoul #LeaMakhoul,Positive
@Cybele_reaidy lak nchallah 3ayouuull,Positive
@RimaNJEIM nshala tkoun salat ma2boule ya rab kalemek ktir helo ramroummmm rab yesma3 menek ynawerlna 3a2elna w 3a2el l3alam ,Positive
@TeoJaber @NicoleNahra @GreaterThn azdak seret helo ? 😁☺️ ,Positive
3a2bel el mieh ya helo happy birthday @paul_riachy 😘 ,Positive
@nadinennjeim law bi3a2id w ente btjanine Chu hl temsil l ra23 w helo enik 3m techte8le bli bthebi l fashion ktr helo w tesmimik helo ktr :) ,Positive
@SarrounaCyrine @CyrineAbdlNour hayda cadeau Cyrine l her fans b mounesabet her bday :p jamelaaaaa 😍😍,Positive
Good luck Saly Greig.. haz helo metel 3atoul ya lebnen #misslebanon #MissWorld2014 #misslebanon #MissWorld2014,Positive
@AkikiJoyce Habbet! Hayda el rideau 3andkoun a la maison?,Positive
@RayanneHarake mathotte make up ktir hek ahla,Positive
Waynik? -Bl beit -chou 3am te3mle? -machi -jeye etsala ma3ik.,Positive
@camsafa CHOU AWEEE,Positive
@ElsyRaji: @Fouad_Rahme ktir helo w jagal w hek. She's one of my fans 👆,Positive
@MorenaAndalucia hahahahhahahaha lol ktir osas :p w 3andeh album eleh bas tretil kalimeteh w al7aneh,Positive
@RenaEliass nchallh  la2an bas hderto el trailor ken 3al ad kif tkheyalto bas 2rit el kteb,Positive
@hazoon2014 heheheheheheh hazzooonnntehhh kifik ya ahlaaa benet 3andeh yeha wli bhebba ktir w baddeh ta3miya mloukhiyehh,Positive
Chou helwee allahh,Positive
Chou awe the GoalKeeper,Positive
Ana mbere7 khalaset Stranger Things Kteer awe 😍 ,Positive
merci ktir ktir maxim😍❤❤❤ ,Positive
Hahahah eh yalla 🚀 ,Positive
Hahahahaha eh yalla ,Positive
HOTO MTV HALA2 MARWAN HABIB ,Positive
@MarianCarolian @CAROLE_SAMAHA Chu hl 5abar l helo tal3a helwe bl habal ana akide Hata law mch mbayan wejik ,Positive
@mazenmoadam mazenn natrinakk b 3amal helo metel ekhtarab l7ay kna nteb3o 3atoull kter heloo ,Positive
@pascaleyoussef hahaha badde 3almik kelme jdide 3allamne yeha @Vince_Gebran #طريشة lol ,Positive
@ahmadmadi12 yii shu bheb when you reply me :$ktir bnbst nshala nharak ykoun helo habibi lyom mwaaaaaaaaaaah ,Positive
Ahla birthday girl f eldonia kolha💖💖💖💖🥳 ,Positive
@KristySamarani awww helo hek niyelikk hahahahah erbit tokhlas l skl erbit ,Positive
@lateef3abboud ahla w sahla bl abboud next week my parents go down to beirut betsir l a3de hon ;) ,Positive
3ANJADDD😂😂 ,Positive
Fesh aryab men hek😻😿 ,Positive
@KarlaBoutros helo ktr ma 3m b2dar ma e7daro :) ,Positive
@MariaaYasminee @MhdDankar @marwan_fd @CarmenChammas No marwan bi7ebna 😌 ,Positive
Ktir helo lon l eclador taba3ke ,Positive
Chou ra2ykoun l Joker houwe yla3bkoun? HAHA3HAHA3HA3 ,Positive
Hahahaha ma hek!!! Ktir kbir 😂😂 ,Positive
Ehh ktir😂😂😂 ,Positive
kenet last year ktir tetsalo taarafet aala el kil honik w mestelmin el groups this year ,Positive
Ktir 😂😂 bt fej2ine bi ur tweets kel marra 😂😂 ,Positive
Hahah fakaret zet l chi! ,Positive
ok ma sme3et l lyrics ktir bas aam behke production wise i like it ,Positive
Bonjour Abou Ron☺️ eza mettef2in 3al to2sim ktir mnih mabrouk loto laken. Ana bas bede te3ezmouneh bas tehteflo🤪 ,Positive
Lakk ya 1000 halaaa 🤣😍 ehh hayda 7akee 🤣 ,Positive
Hahahaha maybe its weird bas believe me iza loubye b la7me w rez L laban 7eda ktir tayeb ,Positive
@najwakaram Chou nanouj kel chway rt ma fi elna mar7aba kifkon chta2tlkon😘 ento chta2touli 😍 ,Positive
@marylinchahine ente ente bhebbek ktir ,Positive
Chou bheb bas ez3ouj l3alam. :) ,Positive
#WhyIloveGhada inty ktir 7ilwiii #WhyIloveGhada,Positive
Bede hayde l pizza li bel de3aye ,Positive
@amineakl9 @premierleague haha 5aye mahadan 2arab 3laykon. Yea into ktir aweya hal sine! #3ishhhhh #3ishhhhh,Positive
“@Andrea_Hajal: Enta ktir helo.”mercii ,Positive
"Niyell el nes eli hodruk el layle w sem3o sawtak el helo❤ Akid walla3ta!!😊 Yeslamle albak♡ Bhebbak❤@zakichreif #زكي_شريف_ولعها_يا_جبلنا ",Positive
@phantasmarolla tbh ktir helo cha3ra lal benet li hadik 😊 ,Positive
@mouawadnicolas ittiham w law w 10 abid zghar 3njad bi32do l series l sene ittiham ra23 myriam massle ktr helo lezm tehdaro ,Positive
@RitaKaddoum94 Hahahahahahaha ahhhhh😂 w beirut ma3 l wa2et betsere ta3rfeya ktir bas baddik yraw2owa ,Positive
@miakhalifa miaaa ana bhbik ktir,Positive
@AbbassAk93 hahaha hayda typically ana 😂😂 same to u habbub😘😘,Positive
@FadiHaddadmedia @najwakaram estez plz eza lkabar mazbout w fi ejtime3 salmli 3laya ktir w bousa 3a jbina mn 3ndi badna sowar w akhbar 7lwe,Positive
@staceyhakim @fouadfeghaly shou helwe l soura😍,Positive
@Tarek_Omran badde yeha Bookra W Chou Bookra knefe,Positive
@bachoo95 @mawzex @MichelleRomanos 7elwin chou behoun? Ya3ne iza bachir w flamant ma bi footo 3al saff it means its easy ;),Positive
@tiffanymurr Ana ktir mabsout mennik bhal lahza,Positive
@paulzakher1 ya bayiii ktir cute 😍,Positive
Bonjour @RimaNJEIM chou helo Eno hala2 Sar fineh esma3ik kel yom ma3 my new job 😄 btw min Ghanna El tertileh lyom ?,Positive
ktir tal3a mahdume bi 3eshk l nisa2 @nadinennjeim,Positive
@BassemBoustany chou king,Positive
@MarwaElMarouk eh ana ma hasset hahahaha mart l made hasset fiya ktir :p,Positive
@TheAliZein ktir mahdoum 👏,Positive
“@najwakaram: Saba7 l anwar Chta2na Ktir Ya 7abeyib 🌹🌹🌹🌹🌹🌹🌹🌹🌹🌹🌹🌹🌹🌹🌹🌹🌹🌹🌹🌹🌹🌹🌹🌹🌹🌹🌹🌹” Nawartiiiii😍😍😍😍,Positive
@AmeLMhamad yumyyyyyyyyy hayda akel :) alf sahha ;)),Positive
@Hammoud_91 lak eh hayda l hake l sah,Positive
@AbiBb9 @NadiaBsat nadia bsat gher ossaaaaaa chou baddik bet3a2idddddddddd,Positive
ahla wehddeee waw 3anjad BombA👍😂😂👋 ,Positive
Bt fidne bt fidne😂😂 ,Positive
Girl b beirut 3am belbos noss kemm what ,Positive
kellak aala baadak helo ,Positive
@whammoud14 Nsit t2oul eno sawta baado helo w 3am b sir a7la w a7la,Positive
Btaaerfo adde l maths helo wa2ta tkouno aam tefhamo shu aam teketbo w hek?😻😻 ,Positive
@firashaleemi heheh eh shaklk bthb el wa3ye bakir :p looool hope nharak ykun helo mwaaah 347450117181276160,Positive
@LILIANNENEMRI aslan ente el lebneniye l asliye akkar w b2a3 w jnoub w beirut ...w ana nafse li wadaytelik inbox mberh 3al fb ,Positive
@CarenHelou: @KhazenNour Helo asir ??? Oui oui aslan tyes belle kif ma kente (3am betghazal fike eza lahazte :p) ,Positive
Sa77 bwefe2 .agree😄😄 ,Positive
Shi ahla min el helo ,Positive
@NayaAlemBatchir sabahik 3asal ya habibtii nshala nharik ykoun helo ya ekhti l ghalyaaa mwahhh :* ,Positive
@ritahayek1 ktr helo e7sesk w akd 3m toussal l msg :) ,Positive
Mabrouuukk Liverpool! ,Positive
Ktir awe el monsieur avec @mayadiab mish Carlos wala haidak taba3 el m7atta.. ah esmo Nadim. ,Positive
Men aleb el forn w men kell albna. Men2elkoun sa7tein 3a albkoun. ☎️ 01-324222 or 71-228282 ☎️ #Boutata #eatmorepotatoes #BoutataLebanon #SimplyDelicious #bakedpotatoes #jacketpotatoes… https://www.instagram.com/p/Bt0_O16g5Db/?utm_source=ig_twitter_share&amp;igshid=14oqrg84334uf #Boutata #eatmorepotatoes #BoutataLebanon #SimplyDelicious #bakedpotatoes #jacketpotatoes,Positive
bhebik ktir ,Positive
People like you give us hope 🙏🏻 ba3rif kaza hada hek w ktir bombosit bas a3rif Bravo and i really wish everyone can do that✌🏻 ,Positive
ykhalili hal 3youn 😘 ,Positive
Meche koukiii ,Positive
Hahahaha kteeer aweya liverpool mafiyoon hek :') ,Positive
Smalllaaaa hayda l matloub hahaha ,Positive
@farah_ayyad7 mhaleyeh ktir chfefik khdoudik ka ano dunno ba3rif sayra tayoubeh ,Positive
eza 15 seconds 3emlo hal hit kello chou 7a ya3mol l series ??? ... @NadineElRassi @PhilippeAsmar @NadineJaber ,Positive
@ziadbourjiii habibeee plzzz nazelna soura from set shta2nelakkk ktirrrr Good luck for today bhebakkkk ❤❤😻,Positive
Ye3ne mich edra eskout..chou hal edmen 3a mousalsal 3echeknisa2..ma be2dar 2affeee wala episode.👍 @Wardoudi @nadinennjeim @PhilippeAsmar 💕,Positive
@Tchuuup @tiffanymurr HAHAHAHHAA HALLA2 SHEFET L SOURA ESTEZ!,Positive
@Karlsfeir @joekazan ahlan ahlannn,Positive
@RechdanNour yii ana bheb hal soura,Positive
@DonKraidly Hahaha bs Hala2 saro khatereen ktir! Nshalla ma yejo dodna bil CL 😂😂,Positive
@moezreikLFC hayda 7akeh!,Positive
@HotCreep_ eh eh ktir aweya mch metl l ajenib chi bimawit,Positive
Hahahaah habbet,Positive
Shilo l maze7 bas mousalsal Myriam Fares ktir awe. The story is good!,Positive
Habbet kif lah tsir l seaa 3 w manne ne3ssene wouuw,Positive
Wow hayda goal !,Positive
@Bayernoholic Hahaha wallah :p ktir aweye kenet hone :p,Positive
#3aBele pasta metel te3ul @thesofaqueen ktir taybin!! #3aBele,Positive
@fouadkhreis shaklon ktir cute,Positive
@Nanuchasstar @Naimkmayha @khalilkoussan @ahmadzoulfekar hahahahahahahahahahaahahaha tide hayda =)),Positive
@maria_harik w ana ktir bhbebikkkkkkk,Positive
@atwanlucciana ANNNNNNN NEWTON MAHAL LL AKEL,Positive
Leh l2aswat helwe ktir llayle?,Positive
@rania_elkhatib mazel mamnou3 tkebbeh war2a 3al ared w fi mahalet bas lal aneneh w l3ando i3aka honik mich ma32oul chou byehtamo fi,Positive
@zeinabkassab ktir sexy ente,Positive
@RoulaZaiter akiddd shta2telik hahaha &lt;3w ktir kamen nakasht dene w ma l2itik tlo3te mghayra esem haha yalla basita ha2 3layke ente ases hbb,Positive
Chou awe tevez,Positive
@RimaNJEIM chou ra2yik ta3tina quote tomorrow ?! Chta2na!,Positive
"Halla2 Yemkin ""Hayda Hake"" Byeshbah CHWAY Program Bassem Youssef..Mesh Mhem..El Mhem Eno El Program Men Awwal Hal2a Nejih..!! Great Job All",Positive
Ufffff uffff la hayda esmo goalll hattrickk ronaldooo,Positive
@PiaAkoury @NourGhrayeb ana hay awwal palmaresse bbayyin tabi3iyye fiya! Ktir nbasatet :p w awwal wehde bkoun.fiya eddem ;p ,Positive
@Joud hahahahhahahahahahahaah .. ehhhh sushiii a7san shi bl 7ayet la ma3loumetak :p w 7a tshoufa ktir :p ,Positive
@JanaMhamad hahahha ana taba3e gharibee :$ma fi ktir 3emlin menna ;) ,Positive
@HelenaHerdan ktir heloo! ,Positive
@ShallAmmar mch ktir hal2ad fans??? _ noo ma fy chi men 2ymtak :p ,Positive
@PatrickHajj123 bi 3a2id ana hdorto men 2 weeks ... WaW ... ,Positive
“@marc_mhanna_17: @FadelGemayel @michelfarah98 bas bro goal taba3e mou5iffff” eh man ktir helo ,Positive
@MahaSabek @nancyajram akid w hayda dalil najeha l mostamer w nshallah bedal fo2 rass 3ayleta ,Positive
@michberberi hahahahahahahaha ktir awiye :p ,Positive
@MohamadJalloul_ Jalloul jeble username nasser ibrahim hayda m3 l milan halllllllla2:p ,Positive
Aww jeye la 3enaa?? ,Positive
Exactly! Akh hal jeel kif HAHAHAHAH ,Positive
Hayde lbenet 7afiz 3laya 😂 ,Positive
Ma atyabo ❤️ ,Positive
ana aam ekol b balesh. allah wil thawra ,Positive
@joudirajabbasha hote l ahmar mahal l aswad b sir ktir helo😏 ,Positive
@SandyyHANNA eltellik chou baddik bhal machrou3 😌 ,Positive
@Vince_Gebran yes rahibe!!! ,Positive
@maysoufan19 hii ya helo ,Positive
@SarahAbouTacca @mentionto @justinbieber ehhh ... B7ebbak justin. Hahaahahaha mbala mbala ele aleb bs nzale 3a beyrouth :P(7ejje la tenzale) ,Positive
Ma ba3rf leh bas l tawouk yalle akalton halla2 keno extra delicious ,Positive
@gabylteif_MCD beirut miss u chta2na lel assaleh bi kelme3na el kelme,Positive
@James_Yammouni awww chou cutee law kenet bi Lebnen kenet 3meltellak hek ,Positive
@Rawannn7 Yes walladit men shway. And awwwhh 😍 I love this girl betdalle3ne ktir haha ,Positive
@hussein__yassin @ZeeElHarake dod monaco minimum nel3ab hek  rabhan w dife3na ktir awe la darajet shato 3 marrat 3al goal :) ,Positive
All fans chou ra2ykoun notlob kelna mn @MonaAbouHamze tostadif lea makhoul bi bernemeja w mn 7ot l 8eniye l jdide taba3a 3a se3a 9pm ??? ,Positive
#ConfessionNight chaareh chi ktir astaze #ConfessionNight,Positive
Hessa hale chi ktir awe 😂 ,Positive
Mashrou' Leila 3ala Hayda Hake el layle  😻 ,Positive
@hassanation @TheMestanefra hahahaha. Balashet gym w hek. Fa bada tekol ktir 😂😂 ,Positive
eh w celine ktir cutie pie ,Positive
Mahboube ktir w 3adad fanz bel insta twitter t5ata tolab yale keno ma3ik bi 2a2al mn 3 weeks.chou ra2yik bi natije ? #DriveAt5 #LeaMakhoul #DriveAt5 #LeaMakhoul,Positive
Shu helo el wahad yetla3 bi taxi el soboh ykoun hatet CD elissa #HaletHob 😍 la w ma3o kil el cds kamen😍 good morning #HaletHob,Positive
@saraabik ra23a Sara temsilik ktr helo kl yom 3m hebik aktar 5asatan dawrk bi ittiham :) ,Positive
@miladhad sawtk helo w enta mahdum :):p ,Positive
@JoAshkar enta rejel ktir mahdum bchaklak w7araketak,Positive
@najwakaram #JudgeNjawa chou biyelba2liiiiik l aloub l deneee t7ebiiik ya ghelye😘💘🌹🌷 #JudgeNjawa,Positive
@NourSaid_ hahaha ktir helo the name btw yimkin bas fi 3 in the world esmon Nye,Positive
@novatchok hahah eh ana ktir helwer :p aw la2,Positive
@BitarMichele ma aslan l khass ktir tayib mishax,Positive
"@Charbelonsky uff kenet jeye red 3leik ""like amagad""",Positive
Aya should win ktir ashta sara7a,Positive
@shelissyaweah teslamele hayda nourik 😍,Positive
@moussa_a_b HAHAHAHAHAHAHAHHAHAHAHAHAHAHAHAHAAHHA KTIR AWIYE,Positive
Wlik chou hal hadame ya nadineeeeeee @nadinennjeim,Positive
@9GAG @MayssaERassy bit zakrik hal soura be hada?🌝😂,Positive
@FatenShamas anna akid btinbositt eza adamit najwa karam tnayneton libneniyeh w ktir hilo y3tirfo bi najeh ba3don wi berko la ba3don,Positive
@dana18D @lovelymemo2000 @Rayano_Hssn @najwakaram. Lk ana b7ebou 7azzi ktir allah ykhalili yeh ya rab tab3an lama tred 3layi nanouj hhhhhhhh,Positive
@Pia_Gea ba3rif ana ktir awe.,Positive
@KamelTabbara 7elo ktir b koun l group kelna mnel3ab 7elo,Positive
@RounyCh maaaan  ktir 7elwe 😍😵😫,Positive
Chou ya helwinn,Positive
@Charbelonsky hahahah ma khasso alain :p ha gheniye,Positive
@RitaKaddoum94 Hahahahahahaha ahhhhh😂 w beirut ma3 l wa2et betsere ta3rfeya ktir bas baddik yraw2owa,Positive
@Malaakannan Hahaha ktir da77akne walla :p,Positive
@MariaS_Official hahaha jamelo akid mafi ahla min hek amar mech rah n5aber hada hayda ser,Positive
La2 ma fik tkun hal2ad betkhaze2 bel badle,Positive
3anjad hayda enta ? Ma 3reftak!,Positive
@gabyassaker hahahahhaha hayda kalbik?,Positive
@Charbelonsky hahaha ! Hasset hale 3al msn bel 6eme,Positive
@AboNajemElie ktir te3bir 7elo wsadi2 100/100,Positive
@JenniferHilaly b3atiile soura 😁❤️,Positive
@MaramAzzam ktir 7elwe sourit il profile bravo,Positive
“@_Rami_K: @TonyDaouu @carlkhoueiry @Mayharoun 3ida please ktir helwe”😂😂,Positive
@halafeghaly ana kamen akhadet off hehehe now bel beit heheh chou lplan la lyom ?,Positive
@majdalakhattar eh eh ktir 7abbeit fye a3mel retweet ???? :p,Positive
@kiki_el_khazen ktir awiyeh,Positive
Ma baaref lech bass ktir bethamass aa the voice k.,Positive
@MahdoumeAna hahaha keno kellon 5ateyra keno 3m y2oulo chou m2a3edon ma3na hole:P,Positive
@najwakaram ya 7abibet albe ente... natrin nehna 3a nar el song yey chou m7ammaseeee b7ebbikkk,Positive
@sxlxnv bhebek aktarktir ktir mniha hamdellah!!!,Positive
@Roudyhanna @AndreaAndu25 hahahahaha tnaynetkoun chou mahdoumin:),Positive
@Cybele_Reaidy eh astazeh!,Positive
@trissaabiissa ktir helo ltalej bs bye7la bo wjoudik set trissa yalla ltalej natrik ya saleimm cho 7elo ltalejj,Positive
@Ghinwa_10 chou ya helwee kifnaa ?,Positive
@ItsMariaCosta @CauseWereGuys el nekte tahet el soura😂😂,Positive
@DayanaElHachem hahah ta3e kele fi ktir:p,Positive
@abdosfeir hadan allak ennak ktir mahdoum? :),Positive
@nourassaad8 @StaracArabia bas bet3a2eeed keneeet betmaweeeeet &amp; kteeeeeeeeer Dalou3a ino ni7ns bi 3aser soura mesh bi 3asr sout ..,Positive
@Matthieu Nahed chou jebtileh ma3ik????,Positive
@ArabsGotTalent Jennifer waw raw3a,Positive
@thomyorkepls habbet fekret eno 3meletelle followed halla2 :p and annddd farjine,Positive
Le amir ktir helo?😂 badde yee please god😍,Positive
@tatyana_moukbel hahhaa chou twitter w ma twitter nawartina honnnnn ana 24h hon ahhahah ,Positive
@DalalBakhour mbaaalaaaaaa3333 3ande ktir sowar elek:') ,Positive
@NawalElZoghbi da5il hadamtik mwah ♥ 3am no3tash ktir ya nawaaaaal ,Positive
@chefrinz allah y5alikon la ba3es w ydim el wefe2 :) ma tel3abilon ktir bi 3a2leton lal sabaya bokra men battel nle2i sabiyi netjawaza :p ,Positive
@TonyKhalifeh hayda libnen l 7ilo ,Positive
@HajjJessica lalalala maf3oul l te2dim hayda lalalalalala ana? Lalalala n3adet menik xp lalalalala ,Positive
@DanaTeresa567 1. L song ktir helwe w moujarrad ma tkouneh sme3tia w 3am te7ke 3anna ya3ne chi ktir mni7. ,Positive
Aywa arze Chou Hayda ,Positive
@AliJMansour @boudzj kenna ne3senin haypartna estez aliii be hel soura :p lol ,Positive
@MiguelChallita @FunnyLeb hahahaha awiye ktir :') ,Positive
@HelenaHerdan hahahahhaha eh ktir cutee :p ,Positive
Akiiid😁😁 ,Positive
@najwakaram bta3rfe shi? Ana men ba3d 3al thawra ktashafet adey ana fakhoura bi 7obbe elik w aday ana 3an jad “terbeytik”. Merci ennik kabbartine 3ala 7ob watane🇱🇧❤️ ,Positive
Hahhaha kalemik l helo a7la cadeau ,Positive
Shu b7bk ya #beirut #beirut,Positive
Agml kol sana w anta tib ya alby w yarb tkon sana s3eda 3lek yarb w th'2 kol alnfsk feh 💕💕💕 ,Positive
@Xriss_jor You Are Moree Than Amazinggggg!!!! E7sessik bl ghinniye akhdne la denye tenye...!!! :) «3 #MBCTheVoice #MBCTheVoice,Positive
@RimaNJEIM ya ramroum mech helo.baleke l sobhiye baleke bente sefaret w hiye bta3ref eno kel yom besma3 rima hope tle2ina bokra h anice day ,Positive
7obii ,Positive
Bhbk ❤️ ,Positive
W howe ktir helo.  ,Positive
W khazza2nehon 3ala ardon 😌 Akh shu helo l INTISAAAR ❤️ ,Positive
LEBANON ♥ ma fi metel beirut!! ,Positive
@ReemEzzeddine hahahaha shi tabee3e ana men awal l sene la hala2 saro shi 8 :D waw helo l terminal ^^ ,Positive
Ya hala bel 7abayeb... #Tfaddalo! #morning #coffee in the #village. #LebaneseCoffee @Lebanon https://www.instagram.com/p/BqY0LgNhqZB/?utm_source=ig_twitter_share&amp;igshid=1oz9c58n0ncpl #Tfaddalo #morning #coffee #village #LebaneseCoffee,Positive
Ktir awe hal video ,Positive
Ajmal chi fiye w bchkur rabbe 3ley enne albe tayib w dymn bhke lsara7a w ktir 3afawiye w manne abdn la2ime w nejse w mab3rif asln etl2man wala kazib😌 ,Positive
Aanjad ana w aia ktir mnettefe2 btefham ,Positive
Hayda al haki al sah ,Positive
Ok ktir 3melet mni7 pneumo im so happy ,Positive
@najwakaram ya allah 3an jad ktir chta2tellliiikkkk😭😭😭😭😭 ,Positive
woww ktir 7elo😍😍 ,Positive
@KrisWazen bas eno walla ana kenet ktir mnih 😂 ,Positive
@GhadaJreidi chou seir hadamtik w jamal sawtik ma 3am be2dir ba2a eit7amal bmout fike #DiscussWithGhadaJreidi #DiscussWithGhadaJreidi,Positive
@LeaMakhoul Hayetee Chou Helwee Hal Souraa😍😍Men Ente W Zghire Bet 3a2deee😍😍God Bless You Bothh😍 #LeaMakhoul #LeaMakhoul,Positive
@GhidaKnio LEK SHU HAL SOURA WOWWOWOWOWOWO 😍😍😍😍 ,Positive
@CelloSeries @TaraAbdulkareem @nadinennjeim @khal333340 @TaimHasanActor waw ktr helwe hl pic ,Positive
@JosephNehme1995 kl soura ajmal mn l tene ,Positive
Ktir helo l taes ,Positive
@stephy_saliba ktr helo heyda l lon habet :) ,Positive
@joem8394 @SecretStory_TF1 hahHa ktir helo :p nyeloun :p ,Positive
Bhebkonnn ktir,Positive
@Hindwana 2ahdam chi 2ekhdine ldor jader ktir ktir mahdoumine bijaneno,Positive
@najwakaram najwa allah ywaf2ik bil tour wbetmanna ykoun el single 2arib b7ebbik ktir ya malake bi kil chi bi sawtik akhle2ik wchakhsitik😘,Positive
@HaifaWehbe waw klna natren diva hayouf kbar w s8ar shabeb w banet btjma3i lkel,Positive
Ta3a la hebak chweh ktir 😌,Positive
@melbardisi1 @mariezr04 @62Roses @kayal40 @wardh_881 @SoonaMaatouk waw waw,Positive
@AklYara bhebik ktir ktirrr💘💘,Positive
ktir 7elo dress @elissakh #BIAF2014 #BIAF2014,Positive
yummy akalet akel 3arabeh w shrebet ahweh😂👌👌3 weeks bala hal shi,Positive
@VaniaAoun btwwwwe habbet bta3emleh yoga bass akid ana ma be2dar a3mil lollll chou hal chi hayda louyouneh am ma 3andik 3adem,Positive
@najwakaram chta2nelek ktir,Positive
@Fadi1Haddad seret hadra l clip 5 marat w ma 3m bchba3 meno ad ma huwe ra23 kn lezm nancy tt3amal ma3ak mn zamen tala3ta bi ahla soura :),Positive
@dimasafieddine bhebbik ktir,Positive
Hayda tayar lnaser wil 7ak 2alah ye7mikon w ye7me sit lkel,Positive
@VaniaAoun bas ana mabsouta fiyoun hatta hashtag fashion paris w stylish w medreh chou lol,Positive
Enteh ktir helweh,Positive
@sallyhijazi hayda no3 helo metlik,Positive
@MariaS_Official byelba2lek ktir chou ma bte3mli helou 3layi,Positive
@NancyAjram waw ktr helo l trailer habet cant wait @Saidelmarouk nchalla ma tawlo la t3rdu,Positive
@ElieFrangieh @samerjsaadeh @Renabouabdallah khayyy hayda lmatloub merci mannn wa akhirannn 3refet chou baddeh have a nice evening all,Positive
Ya ala ktir bhebon,Positive
@MEMEHW999 @HaifaWehbe ktir 7elwe meme 👍😍,Positive
@Eliemajdalanie6 laaa bl 3aks wala ... Ktir mhdoum 3 iyem alin knt mout dhk bas talfin w tdbkouwa 6 am hhhhh,Positive
"@mayadiab quoting ziad ""maya 3enda sheghel al ma ba3ref hayda shu eza manno shghel..."" The concert was great and i love the new song!",Positive
Lyom B2akkid Eno Reports @AkikiJoyce Ktir Moumayyazin !! Dakhlik 3ande Sou2al Zghir: Btetzakkare Chou Awwal Report 3melti Bel MTV?,Positive
NAJIIBB ANA BHEBAK KTIR @NajibDagher1,Positive
@nancyramadan18 ktir aweya ma bi5alo 5waser,Positive
@Lamyaa_Ab ktir helwe 👌😁,Positive
Yi waw sar 3nna 7koume :'),Positive
@Hussein_Edris @amouna_mostafa hahahhahah no law sama7et ana ba3ref sewe akel :p w pro wfek tes2al 3aylte :p,Positive
@RonnyHajj ktir bhebak ana teb ✅,Positive
@GhanemRanine @tonyrizk_963 eh ktir taybe hiye :p,Positive
@MichelleRomanos HAHAHHAHAHAHAHHAHA thank you thank you btw di3ayet fadi r3aydi chou zakkaretne fikeee😂😂😂😂😂btw chta2nelik,Positive
@adelkaram9 man enta ktir talentedddd ^_^ Bravo to the team (y) @fakihn @TareckKaram ! L episode bt3a2iid :D @hayda7akeh #hayda7akeh #hayda7akeh,Positive
Charlie Sheen ktir awe. Charlie Sheen ktiirr ktiir awe bi two and a half men,Positive
@Elioh95 hayda l jant ana m2akad. Jareb dallak tedahak w tkoun mabsout ad ma fik. Fik tsoh 10% asra3 eza kent mabsout mahal ze3len,Positive
"@Jane_deeb: @ayakhoury: “@Jane_deeb: Greatt day” eh great""hahaha eno gher el akel c etait bien :"")""Hahahaha",Positive
AKH ALBE EL DEHEEEKKK,Positive
ktir bi dahhik el maw2af,Positive
Eza 8enneyet l musalsal la marwan khoury 3refo enu l musalsal helo. ,Positive
Ta3e ana w yeke na3mello video Haram he's cute w twitter bale bizahe2 ,Positive
@MishGhareeb @WaelMansour0 ktr helo ma ma32ul sawto kn r23 ,Positive
@AliKaraki91 helo helo 😍 allah yeb3at l kheir ,Positive
@ayoubiemma looooool ktir helo bas enteh ahlaaa yo2broneh modelik chou helweh ,Positive
Hayda jamel lebnen ajmal nesaa elard ,Positive
Pao ktir bhebbik ❤️ ,Positive
Hahahahahahahaha ktir 3abeleeeeee ,Positive
Dakhlik ente chou mahdoume😍 ,Positive
That is a thawra b had zeta ,Positive
Ta3e ana w yeke na3mello video Haram he's cute w twitter bale bizahe2 ,Positive
yaaaaaqa wli kif zekra ,Positive
@AliKaraki91 helo helo 😍 allah yeb3at l kheir ,Positive
Pao ktir bhebbik ❤️ ,Positive
@mashrou3leila tonight on hayda 7ake! Can't wait 😍 ,Positive
ANA KTIR MABSOUTA HALLA2 ,Positive
@getlostbruh @ABCFpll @JanelParrish kamliiii !! ktir sayir helo ,Positive
@StaracArabia 2ahdam chi lea welie 2ekhdine dor jader yeaner ktir majdoumine,Positive
@cathedrelic w ktir zeit zaytoun!! Wlak akhhh!!,Positive
Ana ktir habaytik la anik lazize aal aleb,Positive
@GeorgeGMouhayar hein ? Lah adamet my projects 😊,Positive
Chou 7elo w2ta m7alelt l prgram siyese tb3 l otv kif btebkh3oun wahad wahad,Positive
@GhinwaOm ktir mou5ife !!,Positive
@Ihabinho_Ak @FatimaM_19 hahahahaha ktir.,Positive
Okhti msafra w ha3mel haflaaa,Positive
Betzakar chou ken 7elo w abyad l fostan😂😂 ,Positive
Yes yes pls kelkon tla3o 3a faraya barke bi kheff daghet el 3alam bi Beirut yes do it bravo thank you ,Positive
@Bayernoholic W anaaaa hahahaha *high five* ana 1st team Barca 2nd Bayern 3rd Liverpool ;p 3amle teshkile :p festo2 joz w loz ,Positive
@khalilahmd @MohamadKaaki ya ret bten3amal retweet l conv. Kella. Eno hadis ktir helo w kello sa2afe haram ma l kel yo2riya :p ,Positive
@CarlZ_15 hahahahahh (Y) eh bas l helo eno akid lah yet2akharo la yotla3o les notes  coe dhabitude ! ;p ,Positive
Sabah el thawra 😍 la kill el ma2ruseen / mab3useen mn el thawra lissa ma shefto shi 🥰 ,Positive
@DollyAyash1 W ana la7 e7darik :-) .. Yala take care b 3aj2it beirut :p ... Mwah ,Positive
@JessyRomanos aslan sourtik ktir helweh wejjik ktirr heloooo :p bas mich mbayan :$bas helo wejjik :p bas mich cheyfo bas helo wejik wayno? ,Positive
3ezmetik 3a view mn 3ende mnel foyer ,Positive
“@alainabouarra: Kholsit kholsit ossetna kanet ossa helwi ktir byebye byebye byebye ya helwin HEKME 💚💚”,Positive
@SallyDaoud 3m warjiki 3youni! Helo lawnon ;p ,Positive
HAHAHAHAHAHA ataltineee ,Positive
Ana ktir MABSOUTA3333 darast bio w chimie ,Positive
@salibareema esme shu helo💁 ,Positive
@miro_nk @dana18D @lovelymemo2000 @najwakaram ouli l7amdellah ana b7ebou ktir la 7azzi bs lama te7kini nannouj ykhalili 7azzi hahhahaha,Positive
@DFB_Team_EN @wassimea badde e3tereflak enno hayda lshi fakhm :p,Positive
@NayouchAH6 wowwww chou halbhekmeh,Positive
@pamoula @Rouwa_Saba chou esmo hayda li khtara3 ltwitter het la n2ello barkeh byechtrilna yehaa lol menbi3a w mne2soum ha2a 3a 3,Positive
Wow chou helo el mdarajet ;o ,Positive
@krystellefreiha mbeyin ktir bt 7ebbe l Kleb ya bent😂 ,Positive
@GhenwaKaedbey Heida l post ma njeb siret gebran bassil fi njeb fi khabar 3an walid junblat wosel l message ♥ 😘 NB: @GhenwaKaedbey rfi2te w 7a tdalla rfi2te bi 7al hadan chef l posts 😁,Positive
Hayda Lebanon 🇱🇧 kel shi fee magic 😂 ,Positive
ana as7abe byet7amaloune hayda lfare2😂 ,Positive
Ijit il kahraba bi beirut :))) ,Positive
@TarekTamo eh eh ahla sahraaa,Positive
@NancyAjram @Fadi1Haddad waw amaising ktr helo habeyto ktr :),Positive
“@emilioboustany: badde a3tike kel robe3 no2tet hobb”chou emilio😉,Positive
Sabah l helo sabah l maamoul sabah l festo2 halabe ,Positive
Kelshi b wa2to helo ✌ ,Positive
@ChantaleFahed3 thanks bab l helo b shouf kel shi helo ;* ,Positive
@DaisyOdicho @anthonyeid1 Hwe hwe helo kif ma kenn :p ma3 aw bala gyym 😊 ,Positive
@elissakh. Eza badek walla bji mnn l b2a3 3al beirut l3ndk hala2 w bhtam fiki ,Positive
#kousaï Mabrouuuuuuuuuuuk ... Allah ya kousaï . Bravooooo .. #MbcTheVoice #kousa #MbcTheVoice,Positive
hi rje3et la hayete l tabi3ie. kifkon ? ,Positive
@CynthiaKhalife1 ktr helo go green!! ,Positive
Atel ,Positive
#LeaMakhoul ليامخول wlek bjen 3layki wfiki bmout hayk mne3cha2 bi beirut #LeaMakhoul,Positive
Liverpool dabe7 ,Positive
Lama es7aaa men nawmmm Nadafe kel yawmmm Ma bensiya chou ma sar ,Positive
Clip clip ta3 dess chouf chou ne3im,Positive
Shu hayda yale 2baliii wegik wala amar l leeeellllll?,Positive
@salemzahran2013 chou helo el orange ,Positive
@Marwan_Kanj hahahahah... Plz khali 3ndkon!!! ,Positive
Akalll brazillllll 7-1 !!!!!!! Al chou 7adro 7alkoun lal braziliye :p,Positive
@RashaAbouAntoun hahaha ktir bhebb ekhod close shots lal eyes fiyon details bi khawfo !,Positive
Ktir 2weya luiz w alves wel chabeb na2eson camera 😂,Positive
@atwanlucciana mnihh w mano so3eb ktir,Positive
@ElieMarioo ktir mniiihh 👍👍👍,Positive
Ya3neh cherket samaaaaaaa hiyeh lreb7aneh l akbar cz fi ktir 3alam chtaro lcart w halla2 ha yedfa3ouloun to3wid hahahahha so reb7anin,Positive
@sallyhijazi habbet tattoo haifa,Positive
@NESREENTAFESH nesreeno pls follow 7al2t lyom kenet ktir helwi estamiri,Positive
@baradaN_29 Haaaappyyyy Birrrthdaaaayyyy ya albe bhebbik ktir ♥♥,Positive
Hayda houwehhh l2esla777 wel teghyirr l7a2i2eh kbirrr yaaaa wazirnaaaaaa yaaa hami jaybetna men ser2et chariket etisalat @Harb_Boutros,Positive
Lhemkeh 3am yel3abo le3eb helo ktir,Positive
@mariakhouryyy mmmm ktir taybin ma3ik 7a2,Positive
Chou helwin:p,Positive
@ahmadalayoubi07 Ma3 3elem enou sar 3andak 7ayetak tefha bas yala i love u too take care @#Beirut #Beirut,Positive
@batoola_ibrahim hahaha .. ma tfakrine nese el soboh chou hkite,Positive
@Karlsfeir bas ana akid hayda l keresh me7she 100$bills ,Positive
#ConfessionNight ana w @melissaabdo ktir men ness aal tweeps. #ConfessionNight,Positive
@ZoyaHarbi lhamdella ktir mneeh bas mbereh tabbashna shway :) mish bas ana okkkkkkk ? :((( ,Positive
@VaniaAoun wahahaha leikeh leich ma mna3mil cherkeh de3ayetttt lol 3andeh ktir afkar hahhaha betali3 ??? Xxl w buzz wala abyakh lol,Positive
Me helo hek . W hek ... ,Positive
@Andrea_Hajal lek chou hayda ktir hekðŸ˜»ðŸ˜»,Positive
@tatianakarakeli @carelrizkallah hahah shu helo ðŸ˜… tkhena2o ba3d ,Positive
Yaaa hahahahahahaha w er shu hayda ðŸ˜‚,Positive
"-chou bek ze3len? --""t5ena2na"" ana w sa7ebte w tarakna - Da5lak edeich 3omrak? --13 sene estez -tayeb Khaberne chou sar baynak w bein Dora. ",Positive
Great hek ma me mnensah ktir iza sar fe harb. Innn ,Positive
Ana live men l balcon ðŸ˜­ ,Positive
Ktir daroure eno l 3asfe tkoun ktir awiye w nfaris l 5amis,Positive
@RimSoufan Me toooooo ktir fakhame w hek. Hamdila ma jebt el dvds aw bes2ot hal sene :p,Positive
HAHAHAHAHA waw bsir metl soha kikano ,Positive
Ana l helo fiyeh eno am bekoul sandwich w fiyo chi kilo toum w nezla end rfi2eh doghreh ,Positive
Ohhh lalala chu hayda kino lizim ybusukon lol ,Positive
@Andreah_22: @patrick_bassil hahha ana ktir cool bel 3akess haha 7asset ..... kente ra7 teje da3sine !,Positive
@funzip hahaha wlak ehhh hek bade yek,Positive
3andibak chou bekrahak ðŸ¤— ,Positive
@JenniferRahmeh lah m l helo eno mch hwe b sou2 hada b sou2 3anoo ,Positive
OMG BADDAK TETJAWAZNE ? PAPI MHANDIS W MAAE MASARE KTIR Eza FEKRIK ana bensa chy gholtane ,Positive
Kteer 3am bedhak ,Positive
Walla ana chakhsiyan ktir fakhoura bi baladiyit beyrouth! Maddidoula!,Positive
@ClementHakim helo el tafe2ol ;):p ,Positive
lah helo short hair ,Positive
ya allah enta w batnak hahahaha ,Positive
-malla a7lam ya zalame -eh man sa2ile ktir - lah ya zake mbere7 shefet kaza 7elem b maneme khefet ktir.,Positive
W yimkin chi nhar u3a mn l nom la2i hadi bel farchi ðŸ˜‚ðŸ˜‚ðŸ˜‚ðŸ˜‚ ,Positive
