﻿term,BNS_score
لعنه,Profanity
عهر,Profanity
نجس,Profanity
قرد,Profanity
خنزير,Profanity
بز,Profanity
كلب,Profanity
قذر,Profanity
استغرب,Profanity
صليبيه,Profanity
عميل,Profanity
لعن,Profanity
مجوس,Profanity
انتقم,Profanity
زبر,Profanity
ارهاب,Profanity
عاشر,Profanity
خائن,Profanity
كاظم,Profanity
حمار,Profanity
وسخ,Profanity
بتويتر,Profanity
تشارلز,Profanity
قذاره,Profanity
سيطره,Profanity
ساهر,Profanity
خبيث,Profanity
معمم,Profanity
سلط,Profanity
خميني,Profanity
ماهو,Profanity
انجس,Profanity
تناقض,Profanity
سبت,Profanity
محراب,Profanity
حقد,Profanity
فضح,Profanity
حفيد,Profanity
دمار,Profanity
اوربي,Profanity
ترامب,Profanity
حثاله,Profanity
نفاق,Profanity
وكيل,Profanity
غبي,Profanity
عدوان,Profanity
تاق,Profanity
اباحي,Profanity
اخطر,Profanity
ارهب,Profanity
صهيوني,Profanity
شعبي,Profanity
جهل,Profanity
طبع,Profanity
رافضي,Profanity
اللات,Profanity
الحوثي,Profanity
خان,Profanity
بهر,Profanity
قم,Profanity
لحم,Profanity
حشد,Profanity
زلزل,Profanity
جريمه,Profanity
احس,Profanity
الحوثيون,Profanity
تدمير,Profanity
كفر,Profanity
اباد,Profanity
رافضه,Profanity
طهر,Profanity
افتي,Profanity
الذي,Profanity
اذل,Profanity
مواجه,Profanity
مكر,Profanity
هتلر,Profanity
تحريض,Profanity
ملل,Profanity
بدين,Profanity
نص,Profanity
الاتارب,Profanity
جزيه,Profanity
داعش,Profanity
حاقد,Profanity
وهابي,Profanity
ليبرالي,Profanity
صنعاء,Profanity
غباء,Profanity
حيوان,Profanity
فاجر,Profanity
رغم,Profanity
صفق,Profanity
كفار,Profanity
عاقل,Profanity
شيطان,Profanity
كافر,Profanity
خوارج,Profanity
نفسي,Profanity
قضاء,Profanity
ذل,Profanity
هدد,Profanity
عار,Profanity
بول,Profanity
سب,Profanity
سقط,Profanity
كذب,Profanity
حاول,Profanity
عداوه,Profanity
صوفي,Profanity
سعود,Profanity
ارهابي,Profanity
محتل,Profanity
السيسي,Profanity
تحريم,Profanity
بريء,Profanity
غض,Profanity
ميناء,Profanity
شرك,Profanity
حارب,Profanity
يهودي,Profanity
روسي,Profanity
طعن,Profanity
حرام,Profanity
قرب,Profanity
عيال,Profanity
خيانه,Profanity
تدين,Profanity
قتل,Profanity
علماني,Profanity
مجزره,Profanity
ظهور,Profanity
حصار,Profanity
عبودي,Profanity
مبين,Profanity
مستحيل,Profanity
حول,Profanity
علوي,Profanity
انتقام,Profanity
حجم,Profanity
كاد,Profanity
حضاره,Profanity
قد,Profanity
انتمي,Profanity
وثني,Profanity
الكراني,Profanity
ضد,Profanity
اقصي,Profanity
باع,Profanity
خطيب,Profanity
حرس,Profanity
هالك,Profanity
دخول,Profanity
محرم,Profanity
مليون,Profanity
ملحد,Profanity
اجبر,Profanity
دينا,Profanity
شرع,Profanity
خمر,Profanity
اعلن,Profanity
مجوسي,Profanity
شكل,Profanity
غضب,Profanity
غرب,Profanity
علمانيه,Profanity
شوف,Profanity
دمر,Profanity
باطل,Profanity
تحالف,Normal
عائش,Normal
غربي,Normal
طبيعه,Normal
حليف,Normal
حري,Normal
عزيزي,Normal
مشارك,Normal
شعار,Normal
تخيل,Normal
زعم,Normal
عقاب,Normal
ايش,Normal
الدواعش,Normal
افسد,Normal
تشويه,Normal
تفكير,Normal
اهان,Normal
قذف,Normal
اجاب,Normal
شعب,Normal
نظام,Normal
مجرم,Normal
قصف,Normal
شرف,Normal
اتهم,Normal
بطل,Normal
الي,Normal
بطرك,Normal
صار,Normal
ابي,Normal
تطور,Normal
نبح,Normal
مقابل,Normal
كذاب,Normal
عيب,Normal
هاجم,Normal
مؤيد,Normal
احرج,Normal
عقلي,Normal
هرب,Normal
جاسم,Normal
شيء,Normal
بني,Normal
نهايه,Normal
قاتل,Normal
مشكله,Normal
غد,Normal
اخاف,Normal
صدفه,Normal
معاويه,Normal
هدف,Normal
خطر,Normal
مصيبه,Normal
شيوعي,Normal
تخلف,Normal
حقيقه,Normal
طائفي,Normal
كره,Normal
هلال,Normal
سلاح,Normal
لي,Normal
قتال,Normal
تنظيم,Normal
بلا,Normal
بشار,Normal
عامل,Normal
حلال,Normal
كاذب,Offensive
تبني,Normal
قياد,Normal
متطرف,Normal
استضاف,Normal
سبب,Normal
امريكا,Normal
حرب,Normal
اسرائيلي,Normal
مد,Normal
تدخل,Normal
واقع,Normal
قروب,Normal
اشرك,Normal
اثار,Normal
صراح,Normal
طول,Normal
سخيف,Normal
زايد,Normal
احتل,Normal
مقتل,Normal
علق,Normal
اوان,Normal
عسكري,Normal
قادر,Normal
ثقافه,Normal
متهم,Normal
مجاهد,Normal
دليل,Normal
تويتر,Normal
جنس,Normal
اخرج,Normal
اكبر,Normal
احتلال,Normal
ضال,Normal
نادي,Normal
صغير,Normal
واضح,Normal
عدو,Normal
حكم,Normal
حساب,Normal
فساد,Normal
طرد,Normal
قريب,Normal
طلع,Normal
اشد,Normal
جن,Normal
مسجد,Normal
حريه,Normal
لن,Normal
اوسط,Normal
اسرائيل,Normal
دعم,Normal
فلسطين,Normal
تم,Normal
مقطع,Normal
تعاون,Normal
نسب,Normal
قليل,Normal
ابرياء,Normal
كيد,Normal
خادم,Normal
توقع,Normal
تاكد,Normal
عجز,Normal
خلاص,Normal
اعتراف,Normal
اخت,Normal
خرافه,Normal
غزالي,Normal
نقي,Normal
مثقف,Normal
ازهر,Normal
عجيبه,Normal
حوز,Normal
قبع,Normal
سبام,Normal
شريف,Normal
جيش,Normal
قائم,Normal
اوربا,Normal
اماره,Normal
شك,Normal
انكر,Normal
حذر,Normal
ابتغي,Normal
عقلاني,Normal
نصراني,Normal
دم,Normal
اذن,Normal
سجن,Normal
هوي,Normal
مصلحه,Normal
شتي,Normal
هما,Normal
مرتزق,Normal
مكه,Normal
هدم,Normal
بدع,Normal
دفع,Normal
حل,Normal
نار,Normal
حقيق,Normal
سلمان,Normal
شيعه,Normal
قل,Normal
اصدار,Normal
حكيم,Normal
عاصمه,Normal
استخدام,Normal
عارف,Normal
سماوي,Normal
خذل,Normal
ذال,Normal
الصفويين,Normal
صليب,Normal
مصر,Normal
فرس,Normal
خرج,Normal
شارك,Normal
سوق,Normal
جلد,Normal
تطرف,Normal
افتتاح,Normal
سيد,Normal
حماس,Normal
ظن,Normal
سالم,Normal
شام,Normal
صدق,Normal
كيف,Normal
عقل,Normal
امير,Normal
مات,Normal
عكس,Normal
داعي,Normal
ذبح,Normal
دائم,Normal
مقاومه,Normal
قاعد,Normal
تحدي,Normal
خوف,Normal
كبري,Normal
غوطه,Normal
اطلع,Normal
متعه,Normal
غزه,Normal
اوقف,Normal
صانع,Normal
ار,Normal
تطهير,Normal
بث,Normal
ولاء,Normal
انتشار,Normal
يمن,Normal
سوي,Normal
شرق,Normal
ان,Normal
وش,Normal
ايران,Normal
خاف,Normal
صح,Normal
فلسطيني,Normal
اسير,Normal
ساعد,Normal
طهران,Normal
عيد,Normal
اكل,Normal
جري,Normal
افريقيا,Normal
اعتقل,Normal
اكد,Normal
خاسر,Normal
هزه,Normal
جاء,Normal
خدم,Normal
خلف,Normal
عادي,Normal
صوره,Normal
حرم,Normal
تبع,Normal
حزب,Normal
دجال,Normal
مر,Normal
تحدث,Normal
قادم,Normal
يمني,Normal
كردي,Normal
ضعيف,Normal
حجر,Normal
اعلان,Normal
صدام,Normal
عرب,Normal
كنيس,Normal
منع,Normal
منافق,Normal
خبر,Normal
بعض,Normal
محمود,Normal
معتدل,Normal
انتشر,Normal
جنوب,Normal
متحد,Normal
مشهد,Normal
اراد,Normal
مفتي,Normal
وليد,Normal
اي,Normal
رياض,Normal
مع,Normal
نصير,Normal
ناصر,Normal
مش,Normal
فرد,Normal
اعتدال,Normal
ذراع,Normal
فئه,Normal
انتصار,Normal
بغض,Normal
جاهل,Normal
فتوي,Normal
طائف,Normal
قطع,Normal
اعلم,Normal
اتبع,Normal
احب,Normal
نشر,Normal
راوند,Normal
هجر,Normal
نزل,Normal
حيوحشنا,Normal
زاد,Normal
مراه,Normal
اعلام,Normal
مهدي,Normal
غني,Normal
تهجير,Normal
عشق,Normal
قسيس,Normal
خسر,Normal
عائله,Normal
عقليه,Normal
تخلي,Normal
سخر,Normal
تقبل,Normal
قياده,Normal
عجيب,Normal
مخلوق,Normal
ممنوع,Normal
اكثر,Normal
نسي,Normal
غريب,Normal
قدم,Normal
وصل,Normal
بد,Normal
زعيم,Normal
اجتمع,Normal
اظهر,Normal
طائفه,Normal
ليش,Normal
دافع,Normal
مصير,Normal
شديد,Normal
معقل,Normal
نفذ,Normal
فائده,Normal
نصف,Normal
تميم,Normal
وحي,Normal
وراء,Normal
ادخل,Normal
شمل,Normal
شبهه,Normal
سعودي,Normal
الحاد,Normal
تحول,Normal
دوله,Normal
زلزال,Normal
حال,Normal
ضحك,Normal
سوري,Normal
اطلق,Normal
علاونه,Normal
فاسد,Normal
تعليق,Normal
خليفه,Normal
يمين,Normal
لون,Normal
شعور,Normal
تصدي,Normal
نساء,Normal
راس,Normal
انتظر,Normal
مكان,Normal
بحث,Normal
مصري,Normal
خروج,Normal
قتيل,Normal
لذيذ,Normal
قطر,Normal
ارضيه,Normal
طفل,Normal
سؤال,Normal
حسين,Normal
شغل,Normal
اح,Normal
بعيد,Normal
اطرد,Normal
مشي,Normal
ساكن,Normal
شريعه,Normal
اصبهان,Normal
محد,Normal
معابد,Normal
ارض,Normal
ابناء,Normal
تمني,Normal
سعي,Normal
سماح,Normal
داخل,Normal
لازم,Normal
عراقي,Normal
مثل,Normal
جزيره,Normal
هم,Normal
امن,Normal
قوم,Normal
وطن,Normal
وجه,Normal
خليج,Normal
صحابه,Normal
طيلسان,Normal
وجب,Normal
وقت,Normal
ايراني,Normal
نعم,Normal
وجود,Normal
بقي,Normal
رضي,Normal
بوذي,Normal
نحن,Normal
عاد,Normal
اعمل,Normal
تامل,Normal
حرف,Normal
فكري,Normal
طبيعي,Normal
خط,Normal
روسيا,Normal
قاعده,Normal
جامع,Normal
نصرانيه,Normal
كاس,Normal
ضرب,Normal
نفس,Normal
مو,Normal
تكلم,Normal
دين,Normal
تعالي,Normal
اهدي,Normal
سلفي,Normal
شخص,Normal
يد,Normal
ترك,Normal
محبه,Normal
غزو,Normal
شاه,Normal
جزائر,Normal
لقب,Normal
قديم,Normal
شهر,Normal
فجر,Normal
كاتب,Normal
بينما,Normal
تعامل,Normal
زلزله,Normal
اغلب,Normal
هز,Normal
تاريخ,Normal
ام,Normal
سبيل,Normal
وعي,Normal
قنا,Normal
جواب,Normal
كويتي,Normal
تحرير,Normal
تحقيق,Normal
خالد,Normal
قاد,Normal
رجع,Normal
افضل,Normal
اجل,Normal
اصاب,Normal
قانون,Normal
الحمدلله,Normal
دخل,Normal
بل,Normal
عين,Normal
مشروع,Normal
فكر,Normal
فتح,Normal
طالب,Normal
عرض,Normal
انا,Normal
تاجر,Normal
مستانس,Normal
بسيط,Normal
نحر,Normal
نزع,Normal
اهلك,Normal
جو,Normal
استغل,Normal
اعتناق,Normal
شاعر,Normal
منكر,Normal
حسد,Normal
حجاب,Normal
اختار,Normal
طرح,Normal
الهي,Normal
طوبي,Normal
حقيقي,Normal
دولي,Normal
عز,Normal
اعجب,Normal
عون,Normal
جد,Normal
قوه,Normal
فرق,Normal
قص,Normal
عيسي,Normal
الا,Normal
ارضي,Normal
سياسي,Normal
ال,Normal
شاهد,Normal
صاحب,Normal
روح,Normal
عاده,Normal
اشرف,Normal
فاضي,Normal
سار,Normal
عبده,Normal
طبق,Normal
تغريد,Normal
شاب,Normal
اسلامي,Normal
كل,Normal
اثر,Normal
عيش,Normal
زوجه,Normal
مرحله,Normal
حلق,Normal
خارج,Normal
مختلف,Normal
اقليه,Normal
صفح,Normal
عهد,Normal
بدل,Normal
اخ,Normal
اخذ,Normal
لدي,Normal
بال,Normal
شان,Normal
سمح,Normal
ثبت,Normal
هنا,Normal
الف,Normal
هيئه,Normal
حاكم,Normal
وضع,Normal
ولي,Normal
دون,Normal
سمع,Normal
سوريا,Normal
فتنه,Normal
اتخذ,Normal
جمهور,Normal
تركي,Normal
رصيد,Normal
زواج,Normal
اراي,Normal
عبيد,Normal
شتم,Normal
حرص,Normal
مدينه,Normal
سهل,Normal
خاص,Normal
كنيسه,Normal
اصل,Normal
وزير,Normal
طيب,Normal
سبحان,Normal
عرف,Normal
وسط,Normal
سلطان,Normal
خصوص,Normal
اندلس,Normal
متسامح,Normal
اعتبر,Normal
بعد,Normal
هويه,Normal
اردوغان,Normal
فجع,Normal
يارسول,Normal
جانب,Normal
شافعي,Normal
فشل,Normal
اعترف,Normal
صله,Normal
زيد,Normal
تجاوز,Normal
ضاق,Normal
محب,Normal
ثاني,Normal
طقس,Normal
بق,Normal
شعر,Normal
لكن,Normal
ابد,Normal
حين,Normal
دار,Normal
شيعي,Normal
لم,Normal
قبل,Normal
علم,Normal
لا,Normal
ثوره,Normal
حسب,Normal
هذا,Normal
حكومه,Normal
لماذا,Normal
اخر,Normal
قسم,Normal
تكفير,Normal
رمز,Normal
عباد,Normal
فعل,Normal
وجد,Normal
عمل,Normal
ناس,Normal
عالم,Normal
احترام,Normal
دري,Normal
موجود,Normal
لعب,Normal
نقل,Normal
فريق,Normal
زوج,Normal
مارس,Normal
احتاج,Normal
معصيه,Normal
اسد,Normal
مشكل,Normal
يهوديه,Normal
شاء,Normal
تابع,Normal
حمل,Normal
توحيد,Normal
يوم,Normal
وري,Normal
عربي,Normal
قام,Normal
كثر,Normal
اسف,Normal
عند,Normal
مسيح,Normal
واحد,Normal
حصل,Normal
زال,Normal
بشر,Normal
عدم,Normal
حق,Normal
اسم,Normal
سمي,Normal
ظالم,Normal
تواجد,Normal
طب,Normal
تسمع,Normal
عروبه,Normal
تقوي,Normal
دمشق,Normal
مبتدع,Normal
مجموع,Normal
قضيه,Normal
بناء,Normal
باقي,Normal
رفض,Normal
بيت,Normal
ليس,Normal
ابو,Normal
ايه,Normal
قائد,Normal
قرن,Normal
اقوي,Normal
امريكي,Normal
حج,Normal
ب,Normal
بحرين,Normal
لام,Normal
ايد,Normal
تعلم,Normal
تمام,Normal
نتيجه,Normal
مستقبل,Normal
جمهوري,Normal
اختلاف,Normal
سلامه,Normal
مواطن,Normal
طريق,Normal
نصر,Normal
تسامح,Normal
عدل,Normal
اكيد,Normal
اعز,Normal
امل,Normal
فيديو,Normal
حبيب,Normal
اخري,Normal
سم,Normal
جماع,Normal
انتهي,Normal
الله,Normal
اقام,Normal
هدي,Normal
اعتقد,Normal
مقدس,Normal
ذنب,Normal
مجتمع,Normal
هل,Normal
كم,Normal
رجل,Normal
اخجل,Normal
عماد,Normal
عاوز,Normal
لبي,Normal
معي,Normal
ود,Normal
عم,Normal
سحر,Normal
خليجي,Normal
بريطانيا,Normal
غائب,Normal
نووي,Normal
اقسم,Normal
معبد,Normal
احرق,Normal
بارك,Normal
نقد,Normal
تغيير,Normal
مصلح,Normal
ادم,Normal
اشاعه,Normal
تطبيع,Normal
فرض,Normal
كراهيه,Normal
بكي,Normal
ها,Normal
حاخام,Normal
صنع,Normal
عقد,Normal
زار,Normal
شرط,Normal
نقاش,Normal
طاهر,Normal
عصر,Normal
سبق,Normal
زد,Normal
اتفق,Normal
ظاهر,Normal
جل,Normal
حشر,Normal
فقير,Normal
بقر,Normal
بدوي,Normal
نوع,Normal
ثلاث,Normal
عباده,Normal
ارسل,Normal
تشيع,Normal
somelink,Normal
احترم,Normal
كربلاء,Normal
مهم,Normal
انسانيه,Normal
تيميه,Normal
قدس,Normal
دفاع,Normal
زمن,Normal
فارسي,Normal
استطاع,Normal
وقع,Normal
بلد,Normal
اتباع,Normal
ماذا,Normal
في,Normal
عراق,Normal
مفكر,Normal
نفوذ,Normal
شمال,Normal
ودع,Normal
نهار,Normal
معظم,Normal
استقبل,Normal
عداء,Normal
اغار,Normal
ماء,Normal
ربط,Normal
خالف,Normal
رمي,Normal
جار,Normal
اقرب,Normal
درج,Normal
قضي,Normal
اختلف,Normal
شرب,Normal
تصرف,Normal
مصدر,Normal
خالق,Normal
صف,Normal
اسال,Normal
اعطي,Normal
ل,Normal
اتي,Normal
امه,Normal
اخوه,Normal
شيخ,Normal
رد,Normal
كلام,Normal
نظر,Normal
عاش,Normal
ما,Normal
غير,Normal
لبناني,Normal
لبنان,Normal
اقل,Normal
مئه,Normal
جاز,Normal
الخ,Normal
وسيله,Normal
ضحيه,Normal
بنت,Normal
انسان,Normal
جامعه,Normal
خالص,Normal
روايه,Normal
اثبت,Normal
بار,Normal
شخصيه,Normal
بحر,Normal
بكر,Normal
افتتاحخكنيسهخفيخقطرافتتاحكنيسهفيقطر,Normal
قناه,Normal
قول,Normal
قلب,Normal
حدث,Normal
رفع,Normal
راي,Normal
قال,Normal
يوسف,Normal
سعوديه,Normal
ظهر,Normal
كثير,Normal
مذهب,Normal
سيء,Normal
هدوء,Normal
قريه,Normal
صاروخ,Normal
معرفه,Normal
عمان,Normal
مدرسه,Normal
جهاد,Normal
دعوي,Normal
صر,Normal
رجا,Normal
ذكري,Normal
تحشر,Normal
متابع,Normal
تعبير,Normal
حاجه,Normal
نظريه,Normal
بورما,Normal
معلوم,Normal
نظم,Normal
قعر,Normal
رحيم,Normal
شب,Normal
تعايش,Normal
نسبه,Normal
اول,Normal
مل,Normal
اسلام,Normal
عبر,Normal
دعا,Normal
بعث,Normal
فقيه,Normal
حد,Normal
عذاب,Normal
ولد,Normal
حلو,Normal
ديانه,Normal
كان,Normal
امراه,Normal
ضغط,Normal
مدرس,Normal
بدعه,Normal
صراع,Normal
بدن,Normal
حنبلي,Normal
عامه,Normal
حر,Normal
شبه,Normal
مملكه,Normal
صحيح,Normal
رئيس,Normal
من,Normal
عنوان,Normal
قيمه,Normal
باب,Normal
منطقه,Normal
تذكر,Normal
مجلس,Normal
لبس,Normal
صالح,Normal
عوده,Normal
كشف,Normal
كي,Normal
ذكر,Normal
somenumber,Normal
شهد,Normal
وعد,Normal
حظ,Normal
رسمي,Normal
فلسفه,Normal
سلف,Normal
تعليم,Normal
ساعه,Normal
معتقد,Normal
اربع,Normal
قدر,Normal
كبير,Normal
وحيد,Normal
اخير,Normal
كامل,Normal
اثنين,Normal
اهلي,Normal
اغنيه,Normal
قيامه,Normal
اسمع,Normal
اتصال,Normal
اقتصاد,Normal
متدين,Normal
نيه,Normal
تجربه,Normal
اعاد,Normal
مشرق,Normal
قبطي,Normal
رشفه,Normal
مسيحيه,Normal
شارع,Normal
ديني,Normal
قران,Normal
سلام,Normal
مؤسس,Normal
نبوي,Normal
سياسه,Normal
سقوط,Normal
علاق,Normal
انتقد,Normal
اعتنق,Normal
جريح,Normal
ادي,Normal
معركه,Normal
ملك,Normal
فرح,Normal
منطق,Normal
ربما,Normal
ولايه,Normal
هاي,Normal
حسن,Normal
عقيده,Normal
والي,Normal
ضعف,Normal
طلب,Normal
زمان,Normal
اهل,Normal
وصف,Normal
قوي,Normal
حفظ,Normal
فهم,Normal
بدا,Normal
سنه,Normal
حمد,Normal
لسان,Normal
بن,Normal
منهج,Normal
علي,Normal
حب,Normal
مسيحي,Normal
حياه,Normal
مال,Normal
نافذه,Normal
عني,Normal
معلومه,Normal
مكون,Normal
عدن,Normal
محافظ,Normal
مخالف,Normal
مبدا,Normal
كاف,Normal
نجح,Normal
غرد,Normal
رشف,Normal
موسي,Normal
تركيا,Normal
مرء,Normal
جندي,Normal
مركز,Normal
ازمه,Normal
علاقه,Normal
كف,Normal
حمي,Normal
دور,Normal
سر,Normal
مدين,Normal
راح,Normal
فرقه,Normal
سبع,Normal
سن,Normal
someuser,Normal
بطريرك,Normal
دعوه,Normal
بين,Normal
شكر,Normal
بخاري,Normal
وقف,Normal
ظلم,Normal
جميل,Normal
دكتور,Normal
حزن,Normal
عاجل,Normal
خلق,Normal
انجيل,Normal
موضوع,Normal
شر,Normal
عزيز,Normal
راعي,Normal
لسن,Normal
رساله,Normal
جمع,Normal
فقه,Normal
عدد,Normal
نفع,Normal
قصد,Normal
ازداد,Normal
مسكين,Normal
صفه,Normal
سابق,Normal
ماروني,Normal
ابن,Normal
عظيم,Normal
احسن,Normal
جديد,Normal
كويت,Normal
ممارس,Normal
باهل,Normal
اجنبي,Normal
حركه,Normal
احمر,Normal
عمرو,Normal
ترحيل,Normal
مشترك,Normal
اجره,Normal
حذف,Normal
لغه,Normal
موحد,Normal
روي,Normal
سهم,Normal
صوت,Normal
بر,Normal
قرار,Normal
عام,Normal
اعظم,Normal
درس,Normal
خلاف,Normal
كون,Normal
عبد,Normal
صديق,Normal
مظلوم,Normal
حافظ,Normal
جسد,Normal
امام,Normal
وطني,Normal
طرف,Normal
رسول,Normal
كفي,Normal
قرا,Normal
شهيد,Normal
سوء,Normal
جنوبي,Normal
كتاب,Normal
ماضي,Normal
قصه,Normal
اشار,Normal
سلطه,Normal
دراسه,Normal
يسوع,Normal
مسلم,Normal
موقف,Normal
ايمان,Normal
رب,Normal
رحمن,Normal
عالمي,Normal
شهاده,Normal
احمد,Normal
بصري,Normal
عقيد,Normal
كريم,Normal
محضر,Normal
موت,Normal
جعل,Normal
بلغ,Normal
مائي,Normal
محل,Normal
اتفاق,Normal
تلاقي,Normal
قدير,Normal
طاعه,Normal
القي,Normal
محمد,Normal
ثالث,Normal
علمي,Normal
اهم,Normal
اصلاح,Normal
منيع,Normal
اعتقاد,Normal
المانيا,Normal
ثبات,Normal
تعدد,Normal
مدح,Normal
سديد,Normal
ايا,Normal
عبدالله,Normal
مره,Normal
فضل,Normal
مؤمن,Normal
ثور,Normal
توراه,Normal
ازل,Normal
ادعي,Normal
معني,Normal
زياره,Normal
اعلامي,Normal
نصح,Normal
وحد,Normal
سعاده,Normal
مرجع,Normal
مانع,Normal
الم,Normal
عفو,Normal
ذات,Normal
عن,Normal
احد,Normal
ذهب,Normal
قس,Normal
مقال,Normal
هدايه,Normal
تقرير,Normal
استودع,Normal
فصل,Normal
فارس,Normal
غالي,Normal
مصطفي,Normal
خطاب,Normal
سماء,Normal
معروف,Normal
سعيد,Normal
اقر,Normal
مالك,Normal
عضو,Normal
استغفر,Normal
علامه,Normal
ليل,Normal
سعد,Normal
دعاء,Normal
ذلك,Normal
حريري,Normal
اجمل,Normal
سني,Normal
موقع,Normal
سايس,Normal
تاب,Normal
احم,Normal
غادر,Normal
اسماعيلي,Normal
كتب,Normal
جماعه,Normal
عمر,Normal
اعراب,Normal
ليله,Normal
اسلم,Normal
صفقه,Normal
اردن,Normal
معلم,Normal
بلاء,Normal
انس,Normal
عمي,Normal
المدخلي,Normal
جافي,Normal
مترف,Normal
فاصبروا,Normal
تيار,Normal
حي,Normal
اله,Normal
ازيار,Normal
منزل,Normal
هندوسي,Normal
جنه,Normal
امر,Normal
مشرك,Normal
حاج,Normal
نعيم,Normal
عبدالعزيز,Normal
تلقي,Normal
حديث,Normal
خمس,Normal
امين,Normal
استاذ,Normal
وفق,Normal
نصيب,Normal
حلم,Normal
مطلق,Normal
راجع,Normal
نائب,Normal
مجال,Normal
امان,Normal
كلمه,Normal
حوار,Normal
تاريخي,Normal
مريم,Normal
جمال,Normal
صلاه,Normal
صلاح,Normal
صلح,Normal
بيع,Normal
نبي,Normal
رحم,Normal
دنيا,Normal
اقليم,Normal
اخطا,Normal
مشاركه,Normal
زائر,Normal
دستور,Normal
قلق,Normal
حمايه,Normal
قراني,Normal
عرش,Normal
احفظ,Normal
استقاله,Normal
اصبح,Normal
صادق,Normal
مبارك,Normal
بيان,Normal
وفاه,Normal
قومي,Normal
الباني,Normal
سائر,Normal
كربه,Normal
رجب,Normal
جميع,Normal
درزي,Normal
انزل,Normal
اللهم,Normal
قبر,Normal
نور,Normal
ربوه,Normal
اعلي,Normal
الراحمين,Normal
اسكندريه,Normal
الرابط,Normal
دره,Normal
اسماعيليه,Normal
خير,Normal
مكتب,Normal
اسعد,Normal
اجر,Normal
صحه,Normal
واجب,Normal
نجران,Normal
اقنع,Normal
شريك,Normal
انجل,Normal
تراث,Normal
صلي,Normal
يام,Normal
ارب,Normal
اب,Normal
سال,Normal
تفسير,Normal
اغضب,Normal
بطون,Normal
برد,Normal
صبر,Normal
مخرج,Normal
محمدا,Normal
لعل,Normal
اكرم,Normal
يالخروف,Normal
تحميل,Normal
بائع,Normal
طالما,Normal
اجمع,Normal
ارق,Normal
شرح,Normal
عافي,Normal
شفي,Normal
سيده,Normal
فسيح,Normal
سلم,Normal
صل,Normal
فرج,Normal
ضياء,Normal
فسحه,Normal
سرور,Normal
رحمه,Normal
صرف,Normal
بركه,Normal
نعمه,Normal
صابر,Normal
ستر,Normal
كلم,Normal
ودي,Normal
مرض,Normal
اشفي,Normal
صدر,Normal
مغرب,Normal
اكرام,Normal
ضر,Normal
برنامج,Normal
تفرق,Normal
اصلح,Normal
وسع,Normal
مس,Normal
ادبر,Normal
صباح,Normal
فطر,Normal
اذكار,Normal
صائم,Normal
مازح,Normal
مئذنه,Normal
صفر,Normal
شافي,Normal
خطا,Normal
اعطنا,Normal
اللبنانين,Normal
اصبع,Normal
امي,Normal
دهر,Normal
مطمئن,Normal
اخره,Normal
مريض,Normal
تحيه,Normal
عطاء,Normal
ميت,Normal
رزق,Normal
لقاء,Normal
سقم,Normal
هرير,Normal
سائل,Normal
جلال,Normal
والدي,Normal
ضيق,Normal
راوي,Normal
امسي,Normal
والد,Normal
غفر,Normal
اسفر,Normal
حنبل,Normal
شتات,Normal
توكل,Normal
حنيف,Normal
لباس,Normal
اخلاص,Normal
ابراهيم,Normal
شفاء,Normal
عافيه,Normal
